playerid,touchdowns,points,fumbles,first,last,team,height,weight,birthdate,birthplace,position
31,0,0,2,Anthony,Calvillo,Montreal Alouettes,6.01,213,26534,"East Los Angeles, CA",QB
33,0,347,0,Paul,McCallum,Saskatchewan Roughriders,5.11,185,25575,"Vancouver, BC",OG
91,3,20,16,Henry,Burris,Ottawa Redblacks,6.01,190,27549,"Spiro, OK",OL
99,0,0,0,Sandro,DeAngelis,NULL,5.08,195,29707,"Niagara Falls, ON",OLB
109,0,0,0,Tristan,Black,NULL,6.02,221,30780,"Toronto, ON",C
127,0,0,0,Lindsey,Witten,NULL,6.05,250,32261,"Cleveland, OH",K
209,3,18,1,Geroy,Simon,NULL,6,198,27648,"Johnstown, PA",DB
269,1,6,8,Kevin,Glenn,Saskatchewan Roughriders,5.1,203,29018,"Detroit, MI",OL
343,0,0,0,Anwar,Stewart,Montreal Alouettes,6.04,255,27799,"Panama, FL",QB
349,0,0,0,Jeff,Johnson,NULL,5.1,216,28184,"Toronto, ON",OL
381,0,0,0,Stanley,Bryant,Winnipeg Blue Bombers,6.05,311,31539,"Goldsboro, NC",WR
383,3,18,8,Ricky,Ray,Toronto Argonauts,6.03,214,29150,"Happy Camp, CA",DT
395,0,0,1,Akeem,Foster,NULL,6.04,222,31856,"Ajax, ON",WR
401,0,0,0,Randy,Chevrier,Calgary Stampeders,6.02,251,27917,"Montreal, QC",OG
427,0,0,0,Cory,Greenwood,Toronto Argonauts,6.02,237,31203,"Kingston, ON",K
485,0,0,0,Chris,Cvetkovic,11,6.02,241,28304,"Hamilton, ON",QB
501,0,0,0,Burke,Dales,NULL,6.03,225,28172,"Collingwood, ON",K
571,0,0,1,Jamel,Richardson,Saskatchewan Roughriders,6.03,215,29973,"Syracuse, NY",QB
603,1,6,0,Paris,Jackson,NULL,6.03,215,29426,"Vancouver, BC",DB
617,0,0,0,Patrick,Kabongo,11,6.06,360,29033,"Kinshasa, Zaire",OLB
619,0,0,0,Mike,McCullough,NULL,6.02,222,29297,"Kingston, ON",WR
631,0,0,0,Marc,Parenteau,11,6.05,302,29559,"Sherbrooke, QC",OL
639,0,2,0,Dave,Stala,Toronto Argonauts,6.02,198,29153,"Myslenice, Poland",OG
667,0,0,0,Korey,Banks,NULL,5.11,199,29082,"Boynton Beach, FL",DL
691,0,0,0,Kyries,Hebert,Montreal Alouettes,6.03,222,29503,"Eunice, LA",DL
695,1,6,0,Dante,Marsh,Calgary Stampeders,5.1,190,28912,"Oakland, CA",WR
735,0,0,1,Marwan,Hage,Calgary Stampeders,6.02,291,29843,"Beirut, Lebanon",OG
741,0,0,0,Walter,Spencer,NULL,5.1,217,28805,"Detroit, MI",OG
755,0,0,0,Chad,Rempel,NULL,6.03,225,29729,"Sherwood Park, AB",WR
767,0,0,0,Neal,Hughes,NULL,5.1,208,29404,"Regina, SK",S
771,0,0,0,Joey,Elliott,NULL,6.03,209,31626,"Franklin, IN",OG
773,4,24,2,Nik,Lewis,Montreal Alouettes,5.1,240,30105,"Jacksboro, TX",DB
787,0,0,1,Kyle,Jones,11,6.02,209,31583,"Mississauga, ON",QB
805,0,0,0,Ryan,Bomben,Hamilton Tigercats,6.04,305,31913,"Burlington, ON",DB
851,1,6,0,Odell,Willis,Edmonton Eskimos,6.02,255,31044,"Meridian, MS",DL
873,0,0,0,Curtis,Dublanko,NULL,6,220,32185,"Thorsby, AB",WR
875,0,0,0,Brian,Ramsay,Edmonton Eskimos,6.08,312,29275,"Victoria, BC",OG
881,0,0,0,Tim,O'Neill,Hamilton Tigercats,6.03,305,29145,"Victoria, BC",OG
923,0,0,0,Chris,Wilson,NULL,6.04,240,30142,"Flint, Michigan",DB
931,0,0,0,Ryan,Phillips,BC Lions,5.1,195,30270,"Seattle, WA",LB
991,0,0,0,Wayne,Smith,Toronto Argonauts,6.02,302,29176,"Etobicoke, ON",OG
1057,0,0,0,Jamall,Johnson,Calgary Stampeders,6.01,222,30236,"Norco, LA",OG
1133,0,0,0,Dominic,Picard,Winnipeg Blue Bombers,6.02,302,30124,"Sainte-Foy, QC",OG
1167,0,0,0,Dan,Federkeil,Calgary Stampeders,6.07,306,30629,"Medicine Hat, AB",OG
1193,0,0,0,Greg,Peach,Winnipeg Blue Bombers,6.03,250,31735,"Vancouver, WA",RB
1197,1,6,0,Rod,Williams,Montreal Alouettes,5.11,180,31924,"Monroe, LA",QB
1215,0,0,0,JC,Sherritt,Edmonton Eskimos,5.09,218,32265,"Truckee, CA",QB
1223,0,0,0,Anthony,Woodson,Hamilton Tigercats,6,215,32149,"Calgary, AB",OLB
1239,0,0,0,Mike,Miller,Edmonton Eskimos,6,210,32582,"Riverview, NB",OG
1241,0,0,0,Peter,Dyakowski,Hamilton Tigercats,6.05,325,30791,"Vancouver, BC",K
1247,0,0,0,Jeff,Perrett,Montreal Alouettes,6.07,320,30764,"Taber, AB",QB
1249,1,6,0,Zack,Evans,Ottawa Redblacks,6.04,295,33051,"Regina, SK",DL
1253,0,0,0,Eric,Deslauriers,Montreal Alouettes,6.04,206,29666,"Gatineau, QC",OLB
1255,25,154,6,Jon,Cornish,Calgary Stampeders,6,219,30991,"New Westminster, BC",WR
1265,0,137,1,Luca,Congi,NULL,5.1,190,30482,"Waterloo, ON",OG
1347,0,0,0,Jordan,Matechuk,Calgary Stampeders,5.1,254,31312,"Yorkton, SK",S
1353,0,0,0,James,Patrick,NULL,5.11,188,30106,"Tuskegee, AL",DB
1389,0,0,0,Dean,Valli,BC Lions,6.05,300,30594,"North Vancouver, BC",DB
1391,0,0,0,Jason,Pottinger,Calgary Stampeders,6.02,238,30496,"Whitby, ON",OG
1401,0,0,0,Terrence,Edwards,11,6.01,185,28965,"Tennville, GA",DL
1501,0,0,0,J.R.,LaRose,Calgary Stampeders,6,210,30739,"Edmonton, AB",OG
1543,2,12,10,Darian,Durant,Saskatchewan Roughriders,5.11,214,30182,"Florence, SC",OG
1551,0,0,0,Dahrran,Diedrick,NULL,6,222,28866,"St. Anne's, Jamaica",OG
1567,2,12,0,Chip,Cox,Montreal Alouettes,5.09,185,30491,"Columbus, OH",DT
1593,0,0,0,Seth,Williams,Calgary Stampeders,5.11,185,31709,"Fayetteville, NC",QB
1595,11,66,6,Adarius,Bowman,Edmonton Eskimos,6.03,217,31238,"Chattanooga, TN",QB
1611,0,0,0,Cody,Husband,NULL,6.07,307,32221,"New Westminster, BC",S
1703,0,0,0,Diamond,Ferri,Calgary Stampeders,5.1,204,29804,"Stoneham, MA",OG
1715,0,0,0,John,Bowman,Montreal Alouettes,6.03,250,30151,"Brooklyn, NY",C
1739,0,0,0,Nathan,Kanya,Saskatchewan Roughriders,6.02,234,32066,Congo,DL
1745,2,12,1,Jade,Etienne,NULL,6.04,188,32822,"Calgary, AB",OLB
1747,0,0,0,Anton,McKenzie,Calgary Stampeders,5.1,235,29590,"Medford, NY",WR
1771,0,0,0,Jovan,Olafioye,BC Lions,6.06,325,32127,"Detroit, MI",OL
1799,1,6,0,Rolly,Lumbala,BC Lions,6.02,238,31442,"Libreville, Gabon",OL
1849,0,0,0,Kristian,Matte,Montreal Alouettes,6.04,296,31293,"St. Hubert, QC",OG
1887,0,0,0,Dwight,Anderson,Calgary Stampeders,5.11,188,29772,"Spanish Town, Jamaica",OLB
1891,3,18,2,Fred,Stamps,Montreal Alouettes,6,188,29930,"New Orleans, LA",S
1895,0,13,2,Mike,Renaud,NULL,6.02,214,30461,"Ottawa, ON",RB
1899,0,0,0,Bryant,Turner Jr.,Winnipeg Blue Bombers,6.02,266,32106,"Mobile, AB",DB
1927,6,36,4,Anthony,Parker,Calgary Stampeders,6.02,217,32833,"Vancouver, BC",WR
1969,0,0,0,Corey,Mace,Calgary Stampeders,6.03,286,31403,"Vancouver, BC",QB
1983,0,0,0,Yannick,Carter,Calgary Stampeders,6.01,220,30717,"Pickering, ON",RB
1999,11,68,2,Chris,Getzlaf,Saskatchewan Roughriders,6.01,208,30325,"Regina, SK",QB
2011,2,12,1,Marco,Iannuzzi,BC Lions,6.01,195,31918,"Calgary, AB",RB
2013,0,0,0,Daryl,Stephenson,NULL,6.02,228,31328,"London, ON",DB
2015,9,56,3,Rob,Bagg,Saskatchewan Roughriders,6,192,31081,"Kingston, ON",DL
2039,0,0,1,Michel-Pierre,Pontbriand,Winnipeg Blue Bombers,6.02,230,30379,"Saint-Sauveur, QC",S
2041,4,24,4,Andre,Durie,Toronto Argonauts,5.1,195,29794,"Mississauga, ON",OG
2051,0,0,0,Byron,Parker,Calgary Stampeders,6,220,29652,"Madisonville, KY",OL
2107,0,0,0,Mathieu,Boulay,Calgary Stampeders,6.02,250,32104,"Montreal, QC",OLB
2121,0,0,0,Eric,Taylor,Calgary Stampeders,6.02,309,29934,"Winchester, TN",DL
2129,0,0,0,Donovan,Alexander,NULL,6,182,31140,"Winnipeg, MB",WR
2133,4,24,0,Calvin,McCarty,Edmonton Eskimos,5.1,215,30988,"Muskogee, OK",WR
2177,0,0,0,Tearrius,George,Saskatchewan Roughriders,6.04,277,30288,"Fayetteville, NC",QB
2191,3,18,1,Rob,Cote,Calgary Stampeders,6.01,225,31598,"Calgary, AB",DL
2217,0,0,0,Justin,Phillips,Ottawa Redblacks,6.03,236,31161,"Ottawa, ON",K
2239,0,0,0,Chris,Best,Saskatchewan Roughriders,6.05,301,30409,"Calgary, AB",OG
2285,0,0,0,Tim,St. Pierre,Calgary Stampeders,6,230,31520,"Hamilton, ON",RB
2299,0,0,0,Bo,Smith,Calgary Stampeders,6,185,30571,"Owensboro, KY",S
2305,22,132,2,S.J.,Green,Montreal Alouettes,6.02,216,31218,"Tampa, FL",OL
2333,0,0,0,Glenn,January,NULL,6.06,299,30461,"Houston, TX",DB
2345,0,0,0,Billy,Parker,Montreal Alouettes,6,195,29723,"Mechanicsville, VA",OG
2357,0,0,0,T.J.,Hill,Calgary Stampeders,5.09,195,29404,"Paterson, NJ",DT
2371,3,18,2,Zander,Robinson,Toronto Argonauts,6.05,241,32792,"Vancouver, BC",OLB
2373,17,102,4,Drew,Tate,Calgary Stampeders,6,191,30963,"Baytown, TX",WR
2435,0,0,0,Steve,Morley,NULL,6.07,313,29816,"Halifax, NS",DB
2471,0,0,0,Josh,Bourke,Montreal Alouettes,6.07,300,30240,Windsor ON,OG
2495,0,0,0,Maurice,Mann,NULL,6.02,192,30208,"Seaside, CA",OLB
2505,0,0,0,Jermaine,McElveen,Montreal Alouettes,6.04,265,30923,"North Chicago, IL",OG
2545,0,0,0,Ejiro,Kuale,NULL,6.02,229,30489,"Daytona Beach, FL",WR
2551,0,0,0,Joe,Eppele,Calgary Stampeders,6.08,301,32001,"Brackendale, BC",DB
2613,0,0,0,Jonathan,Hood,Calgary Stampeders,6,195,31404,"Mississauga, ON",OG
2619,0,0,0,Paul,Woldu,Saskatchewan Roughriders,6,170,30939,"Regina, SK",DB
2661,4,24,0,Samuel,Giguere,Montreal Alouettes,6,215,31239,"Sherbrooke, QC",WR
2701,0,0,1,Jeff,Keeping,Toronto Argonauts,6.06,295,30151,"Uxbridge, ON",WR
2703,2,14,1,Jerome,Messam,Saskatchewan Roughriders,6.03,245,31139,"Toronto, ON",OG
2813,0,0,0,Mike,Montoya,Calgary Stampeders,5.09,236,31956,"Burlington, ON",OLB
2815,0,0,0,Jermaine,Reid,Calgary Stampeders,6.04,263,30425,"Pickering, ON",WR
2825,0,0,0,Paul,Swiston,Calgary Stampeders,6.09,334,32654,"Calgary, AB",WR
2827,0,0,0,Adrian,McPherson,Toronto Argonauts,6.03,220,30444,"Bradenton, FL",OL
2833,0,0,0,Luc,Brodeur-Jourdain,Montreal Alouettes,42157,309,30392,"St-Hyacinthe, QC",C
2835,0,0,0,Shea,Emry,Saskatchewan Roughriders,6,228,31525,"Richmond, BC",OG
2855,0,0,0,Ryan,Lucas,Calgary Stampeders,6.05,290,30978,0,S
2871,0,0,1,Larry,Taylor,NULL,5.06,181,31197,"Fort Lauderdale, FL",WR
2887,6,36,0,Arland,Bruce,Calgary Stampeders,5.11,194,28452,"Olathe, KS",OL
2893,14,96,0,Weston,Dressler,Saskatchewan Roughriders,5.07,179,31212,"Bismarck, ND",OL
2919,1,6,0,Renauld,Williams,NULL,6,238,29640,"Westbury, NY",OG
2921,0,0,0,Quinton,Porter,Calgary Stampeders,6.05,228,30313,"Portland, ME",DB
2929,0,0,0,Markeith,Knowlton,NULL,6,205,30412,"Elaine, AR",DB
2931,0,0,0,Corbin,Sharun,Calgary Stampeders,6,220,32392,"Edmonton, AB",OG
2953,0,0,0,Ricky,Foley,Toronto Argonauts,6.03,243,30111,"Courtice, ON",RB
2965,2,12,0,Mike,Bradwell,11,6.03,197,31604,"Toronto, ON",OG
2971,0,0,0,Hugo,Lopez,Ottawa Redblacks,6.03,215,31944,"Leon, Nicaragua",DB
2993,0,0,0,Brandon,Smith,Calgary Stampeders,5.1,186,30915,"Oakland, CA",QB
3001,0,0,0,Charleston,Hughes,Calgary Stampeders,6.01,250,30664,"Saginaw, MI",QB
3007,0,0,0,Juwan,Simpson,Calgary Stampeders,6.03,234,30871,"Decatur, AL",DL
3013,0,0,0,Ben,Archibald,11,6.04,322,28728,"Tacoma, WA",DL
3027,0,0,0,Damaso,Munoz ,Ottawa Redblacks,5.11,219,31603,"Miami, FL",OLB
3035,0,0,0,Kevin,Dixon,Calgary Stampeders,6.02,242,31904,"Sebring, FL",QB
3039,0,0,0,Karl,McCartney,Calgary Stampeders,6,233,32110,"Nassau, BS",OG
3047,0,0,0,Noel,Prefontaine,Calgary Stampeders,6,210,27021,"Camp Pendleton, CA",DB
3049,3,18,0,Marcus,Henry,Ottawa Redblacks,6.05,224,31464,"Hinesville, GA",WR
3067,0,0,0,Keron,Williams,Calgary Stampeders,6.01,260,30928,"Manchester, JM",DB
3079,0,374,4,Sean,Whyte,Montreal Alouettes,5.09,175,31343,"White Rock, B.C.",OG
3095,0,0,0,Jason,Arakgi,BC Lions,6.02,205,31179,"Montreal, QC",DB
3103,0,0,0,Jeraill,McCuller,Calgary Stampeders,6.07,325,32028,"Chesapeake, VA",QB
3105,0,0,0,Caesar,Rayford,Montreal Alouettes,6.07,285,31475,"Leesville, LA",OG
3127,0,0,3,Jon,Gott,Ottawa Redblacks,6.03,297,31322,"Edmonton, AB",QB
3133,0,0,0,Keith,Shologan,Ottawa Redblacks,6.02,290,31377,"Spruce Grove, AB",OG
3137,0,0,0,Tim,Cronk,Winnipeg Blue Bombers,6,248,31950,"Kingston, ON",WR
3145,0,0,0,Don,Oramasionwu,Edmonton Eskimos,6.02,290,31567,"Winnipeg, MB",DB
3155,6,37,1,Spencer,Watt,Hamilton Tigercats,6,180,32492,"North Vancouver, BC",RB
3175,1,6,5,Jovon,Johnson,Ottawa Redblacks,5.09,189,30622,"Erie, PA",RB
3181,0,0,0,Pierre-Luc,Labbé,11,6.02,230,30816,"Québec City, QC",C
3185,0,0,0,Brendon,LaBatte,Saskatchewan Roughriders,6.04,304,31667,"Weyburn, SK",OG
3187,0,0,0,Aaron,Hargreaves,Calgary Stampeders,6.04,233,31619,"Ladner, BC",WR
3199,4,24,1,Cory,Watson,Edmonton Eskimos,6.03,211,30768,"Dollard des Ormeaux, QC",S
3205,0,0,0,Patrick,Neufeld,Winnipeg Blue Bombers,6.06,312,32503,"Regina, SK",RB
3227,0,0,0,Stuart,Foord,Calgary Stampeders,5.11,195,31313,"Regina, SK",DB
3233,0,0,2,Kevin,Scott,NULL,6.03,232,30514,"Ottawa, ON",OG
3239,0,0,0,Josh,Neiswander,Calgary Stampeders,6.02,211,31748,"Winnsboro, TX",WR
3249,2,12,1,Keon,Raymond,Calgary Stampeders,5.1,198,30282,"St. Louis, MO",WR
3269,0,0,0,Chris,Van Zeyl,Toronto Argonauts,6.06,312,30563,"Fonthill, ON",OLB
3279,0,0,0,Khalif,Mitchell,NULL,6.06,315,31144,"Virginia Beach, VA",DL
3285,0,240,2,Grant,Shaw,Edmonton Eskimos,6.03,225,30897,"Edmonton, AB",OG
3291,5,30,8,Kerry,Joseph,NULL,6.2,210,26941,"New Iberia, LA",WR
3299,0,0,0,Quincy,Butler,Calgary Stampeders,6.01,189,30645,"San Antonio, TX",OL
3315,0,0,0,Simeon,Rottier,Edmonton Eskimos,6.06,295,30702,"Westlock, AB",OG
3327,2,12,1,Scott,McHenry,Saskatchewan Roughriders,6.02,217,31922,"Saskatoon, SK",WR
3331,0,0,1,Marc-Antoine,Fortin,Calgary Stampeders,6.04,245,32017,"Quebec, QC",OG
3335,0,0,0,Steve,Myddelton,NULL,6.03,305,31620,"Barrie, ON",RB
3339,0,0,0,Mike,Cornell,NULL,6.02,225,31751,"Hamilton, ON",DT
3355,1,6,0,Weldon,Brown,Saskatchewan Roughriders,5.1,185,31909,"Shreveport, LA",RB
3363,5,31,1,Jabari,Arthur,Calgary Stampeders,6.04,223,30191,"Montreal, QC",DB
3373,5,30,3,Hugh,Charles,Calgary Stampeders,5.08,193,31419,"Tulsa, OK",RB
3375,0,0,0,Tim,Maypray,Calgary Stampeders,5.08,170,32276,"Madisonville, KY",OG
3387,0,46,0,Justin ,Palardy,NULL,5.11,200,32287,"Truro, NS",DB
3405,0,0,0,Eddie,Steele,Edmonton Eskimos,6.02,280,32328,"Winnipeg, MB",OG
3423,0,0,0,Eric,Fraser,BC Lions,6.01,202,31902,"Burnaby, BC",QB
3437,21,126,10,Andrew ,Harris,BC Lions,5.11,213,31891,"Winnipeg, MB",OG
3449,0,0,0,Craig,Butler,Hamilton Tigercats,6.02,196,32496,"London, ON",OLB
3461,0,0,0,Torrey,Davis,Edmonton Eskimos,6.03,298,32410,"Seffner, FL",DB
3467,0,0,0,James,Yurichuk,Toronto Argonauts,6.02,240,31717,"Brampton, ON",OL
3541,0,0,0,Lin-J,Shell,Winnipeg Blue Bombers,6,201,29881,"Orlando, FL",QB
3557,3,18,0,Brandon,Stewart,Hamilton Tigercats,6.01,203,31548,"Seattle, WA",QB
3571,0,0,0,Ivan,Brown,NULL,6.02,240,31246,"Regina, SSK",DL
3573,2,12,1,Matt,Carter,Ottawa Redblacks,6.02,199,31626,"Kelowna, BC",RB
3589,3,18,5,Tim ,Brown,Calgary Stampeders,5.08,190,30980,"Stockton, CA",WR
3591,1,6,0,Matt,Black,Toronto Argonauts,5.09,192,31107,"Toronto, ON",RB
3593,4,24,0,Clarence,Denmark,Winnipeg Blue Bombers,5.1,189,31319,"Jacksonville, FL",OLB
3603,1,6,1,Bo,Bowling,NULL,5.09,183,32082,"Tonkawa, OK",OL
3617,2,12,0,Jerald,Brown,Montreal Alouettes,5.11,185,29558,"Washington, DC",QB
3653,1,6,1,Buck,Pierce,11,6.01,195,29905,"Hutchinson, KS",WR
3657,0,0,0,Kevin,Huntley,Calgary Stampeders,6.08,305,30049,"Washington, DC",OG
3665,0,0,0,Jordan,Sisco,NULL,6,212,32197,"Regina, SK",OG
3673,0,0,0,Greg,Wojt,Edmonton Eskimos,6.04,300,31373,"Warsaw, Poland",DL
3675,2,12,5,Matt,Nichols,Edmonton Eskimos,6.02,215,31855,"Redding, CA",DB
3681,0,0,0,Martin,Bédard,Montreal Alouettes,6.03,239,30764,"Laval, QC",WR
3687,3,18,0,Nate,Coehoorn,Edmonton Eskimos,6.02,210,31672,"Medicine Hat, AB",OG
3697,0,0,0,Johnnie,Dixon,NULL,5.11,190,32488,"Belle Glade, FL",C
3703,0,0,0,Etienne,Legare,Calgary Stampeders,6.03,275,30390,"Saint-Raymond, QC",LS
3707,0,0,0,Gord,Hinse,NULL,6.04,307,32013,"Edmonton, AB",DT
3709,8,50,6,Justin,Goltz,NULL,6.05,217,32012,"Walled Lake, MI",RB
3739,0,0,0,Brian,Bulcke,Hamilton Tigercats,6.04,281,31894,"Windsor, ON",WR
3747,0,0,4,Justin ,Sorensen,Edmonton Eskimos,6.08,311,31571,"Parksville, BC",WR
3753,13,80,4,Chad,Owens,Toronto Argonauts,5.08,180,30044,"Honolulu, HI",DB
3755,1,6,0,Dan,Clark,Saskatchewan Roughriders,6.02,310,32295,"Regina, SK",K
3761,0,0,0,Malik,Jackson,Ottawa Redblacks,6.02,225,31208,"Dunwoody, GA",RB
3763,10,60,2,Maurice,Price,Ottawa Redblacks,6.01,206,31301,"Orlando, FL",DT
3781,5,30,2,Cary,Koch,Calgary Stampeders,6,198,31652,"Baton Rouge, LA",OG
3787,1,6,0,Greg,Carr,Calgary Stampeders,6.06,214,31328,"Reddick, FL",WR
3791,5,30,1,Jason,Barnes,NULL,6.03,187,30783,"Sacramento, CA",OG
3803,16,96,3,Emmanuel,Arceneaux,BC Lions,6.02,211,32037,"Alexandria, LA",OL
3805,1,6,5,Tristan,Jackson,Saskatchewan Roughriders,5.08,185,31476,"Beaumont, MS",OG
3811,3,18,8,Travis,Lulay,BC Lions,6.02,216,30586,"Salem, OR",WR
3813,0,0,0,Ryan,Hinds,Edmonton Eskimos,6.01,198,31582,"Georgetown, Guyana",LS
3855,0,0,0,Jason,Boltus,NULL,6.04,225,31645,"Baldwinsville, NY",DB
3879,14,92,4,Marquay ,McDaniel,Calgary Stampeders,6,206,30792,"Virginia Beach, VA",DB
3881,9,56,10,Mike,Reilly,Edmonton Eskimos,6.03,230,31072,"Kennewick, WA",WR
3887,0,0,1,Carl,Volny,Montreal Alouettes,5.1,210,32136,"Montréal, QC",DB
3897,0,0,0,Demonte',Bolden,Calgary Stampeders,6.05,285,31368,"Chattanooga, TN",WR
3901,0,0,0,Justin ,Hickman,Hamilton Tigercats,6.02,265,31248,"El Paso, TX",DB
3919,0,0,0,Samuel,Fournier,NULL,6,230,31440,0,RB
3947,0,0,0,Cory,Huclack,NULL,6,215,30741,"Winnipeg, MB",DB
3949,1,6,0,Johnny,Sears Jr.,Hamilton Tigercats,6.01,193,31852,"Fresno, CA",WR
3965,0,19,3,Rob,Maver,Calgary Stampeders,6,201,31483,"London, ON",WR
3977,0,0,0,James,Green,Ottawa Redblacks,5.11,217,30489,"Vernon, BC",WR
3981,0,0,0,J'Micheal,Deane,Ottawa Redblacks,6.05,328,31536,"Hinton, AB",WR
3983,4,24,2,Brad,Sinopoli,Ottawa Redblacks,6.04,215,32247,"Peterborough, ON",OLB
3995,0,0,1,Chris,Thompson,NULL,6,200,30090,"New Orleans, LA",QB
4001,0,0,0,Joash,Gesse,NULL,5.11,221,31511,"Montreal, QC",OG
4009,0,0,0,Evan ,McCollough,NULL,5.11,196,32022,"Glenarden, MD",WR
4019,0,0,0,Chris,Rwabukamba,BC Lions,5.11,192,31782,"Kigali, Rwanda",RB
4021,0,0,0,Jonathan,Hefney,Montreal Alouettes,5.09,189,31105,"Rock Hill, SC",DL
4023,0,0,0,Shomari,Williams,Calgary Stampeders,6.01,232,31114,"Toronto, ON",DB
4035,0,0,0,Junior,Turner,Calgary Stampeders,6.03,281,32388,"Toronto, ON",OG
4047,0,0,0,Shawn,Lemon,Calgary Stampeders,6.02,251,32380,"Waldorf, MD",OG
4053,0,0,0,Cauchy,Muamba,Edmonton Eskimos,5.11,195,31905,"Kinshasa, Congo",WR
4063,13,78,0,Shawn,Gore,BC Lions,6,198,31879,"Toronto, ON",WR
4069,0,0,0,Julius,Williams,Calgary Stampeders,6.02,265,31612,"Decatur , GA",RB
4083,0,0,0,Shane,Herbert,Toronto Argonauts,6.02,192,32506,"Ajax, ON",OL
4085,0,0,0,Clint ,Kent,NULL,5.09,201,30603,"Macon, GA",S
4087,2,14,2,Matt,Walter,Calgary Stampeders,5.1,217,32709,"Vancouver, BC",LS
4091,0,0,1,Almondo,Sewell,Edmonton Eskimos,6.04,288,31793,"Buff Bay, Jamaica",OG
4093,4,24,1,Brandon,London,Montreal Alouettes,6.04,210,30971,"Richmond, VA",OLB
4101,0,0,0,Terence,Jeffers-Harris,BC Lions,6.02,213,32318,"San Diego, CA",DL
4113,0,0,0,Robert,McCune,Calgary Stampeders,6.01,235,28923,"Mobile, AL",WR
4115,0,0,0,Kenny,Mainor,Calgary Stampeders,6.03,243,31350,"Atlanta, GA",OLB
4119,0,0,0,Tyler,Holmes,Toronto Argonauts,6.04,299,32348,"Ottawa, ON",DB
4127,0,0,0,Chris,Kowalczuk,NULL,6.05,303,31064,"Brampton, ON",WR
4137,2,12,1,Romby,Bryant,NULL,6.02,195,29210,"Oklahoma City, OK",K
4153,0,0,0,Michael,Carter,Saskatchewan Roughriders,5.1,181,31530,"Windsor, ON",RB
4161,0,0,1,Alex ,Brink,NULL,6.03,222,31200,"Eugene, OR",OG
4167,0,0,0,Moton,Hopkins,Ottawa Redblacks,6.02,277,31736,"Universal City, Texas",C
4171,1,6,0,Marc-Olivier,Brouillette,Montreal Alouettes,6.01,222,31457,"Montréal, QC",DB
4187,0,0,0,Andre,Douglas,Calgary Stampeders,6.05,300,31669,"New Rochelle, NY",OG
4191,9,56,4,Nick,Moore,Winnipeg Blue Bombers,6.02,201,31588,"Westerville, OH",K
4203,0,0,0,Solomon ,Elimimian,BC Lions,6,225,31706,"Calabar, Nigeria",OLB
4205,0,0,0,Daunte,Akra,Calgary Stampeders,6.02,227,31491,"Detroit, MI",RB
4207,0,347,0,Chris,Milo,NULL,5.11,205,31718,"Montreal, QC",C
4209,0,0,0,Jeff,Hecht,Calgary Stampeders,5.1,214,31314,"Edmonton, AB",DL
4235,0,0,0,Matthew,O'Donnell,NULL,6.11,350,32593,"Comox, B.C.",OG
4241,0,0,0,Brandon,Denson,Calgary Stampeders,5.11,230,31980,"Willow Run, MI",DB
4243,0,0,0,Brendan,Dunn,Calgary Stampeders,6.07,300,32376,"Burlington, ON",WR
4253,0,0,0,Daryl,Townsend,Montreal Alouettes,6.01,198,31315,"Windsor, ON",DT
4259,0,0,0,Alex,Suber,Saskatchewan Roughriders,5.07,173,31747,"Tampa Bay, FL",OL
4265,2,12,0,Dobson,Collins,Montreal Alouettes,6.02,185,31970,"Stone Mountain, GA",WR
4269,0,0,0,Henoc,Muamba,Calgary Stampeders,6,230,32562,"Kinshasa, CG",DT
4283,0,0,0,Eddie ,Russ,NULL,6,185,31856,"Marianna, FL",OG
4285,0,0,0,Chris,Greaves,Winnipeg Blue Bombers,6.05,309,31785,"Toronto, ON",DB
4287,0,0,0,Marcellus,Bowman,Calgary Stampeders,6.03,228,31697,"Girard, OH",QB
4293,0,0,0,Brandon,Isaac,Toronto Argonauts,6.03,203,31027,"Blackville, SC",WR
4299,0,0,0,Andre,Caroll,Calgary Stampeders,6.02,287,32392,"Edison, NJ",QB
4301,0,0,0,Gregory,Alexandre,Edmonton Eskimos,6.02,277,31198,"Montreal, QC",QB
4311,1,6,0,Dee,Webb,Calgary Stampeders,5.11,200,31024,"Jacksonville, FL",DB
4313,4,24,1,Chad,Kackert,Toronto Argonauts,5.08,206,31670,"Simi Valley, CA",WR
4319,4,24,4,Brandon,Whitaker,Toronto Argonauts,5.1,200,31297,"Edmond, OK",QB
4325,3,18,1,Rory,Kohlert,Winnipeg Blue Bombers,6.02,213,32149,"Regina, SK",WR
4327,0,0,0,Youssy,Pierre,Calgary Stampeders,6,185,31267,"Montreal, QC",RB
4345,0,269,0,Justin,Medlock,Hamilton Tigercats,6,208,30612,"Fremont, CA",DB
4351,1,6,0,Carlos,Thomas,NULL,5.11,195,31898,"College Park, GA",OL
4353,0,200,2,Hugh ,O'Neill,Hamilton Tigercats,6.02,185,32893,"Edmonton, AB",WR
4357,0,0,0,Jason,Vega,Toronto Argonauts,6.04,257,31927,"Brockton, MA",WR
4365,1,6,1,Chris,Williams,Ottawa Redblacks,5.09,155,32036,"Rio Rancho, NM",WR
4367,0,0,0,Brian,Simmons,Hamilton Tigercats,6.05,310,31122,"Raleigh, NC",WR
4371,4,24,0,Aaron,Kelly,NULL,6.04,193,31522,"Marietta, GA",WR
4375,0,0,0,Spencer,Wilson,Calgary Stampeders,6.06,303,32240,"Toronto, ON",DL
4377,0,0,0,Demetrice,Morley,Calgary Stampeders,6,195,31981,"Miami, FL",WR
4385,0,0,0,Devin,Tyler,Winnipeg Blue Bombers,6.07,320,31595,"Washington, DC",DB
4399,0,0,0,Marcell,Young,Edmonton Eskimos,6,190,32022,"Jackson, MS",WR
4401,0,0,0,Sam,Scott,NULL,6.05,245,31951,"Chester, PA",OL
4405,0,0,0,Akwasi,Antwi,NULL,6,254,31176,"Toronto, ON",OL
4409,0,0,0,LaMarcus,Coker,Calgary Stampeders,6,190,31589,"Antioch, TN",DB
4411,0,0,1,Kierrie ,Johnson,Toronto Argonauts,5.05,163,32359,"Houston, TX",OG
4435,1,6,0,Kito,Poblah,Calgary Stampeders,6.02,209,32038,"Montréal, QC",DB
4443,7,44,2,Bakari,Grant,Hamilton Tigercats,6.04,195,31952,"Oakland, CA",WR
4453,1,6,0,Adam ,Bighill,BC Lions,5.1,230,32432,"Montesano, WA",DB
4479,0,0,0,Alexander,Krausnick,Edmonton Eskimos,6.03,290,32576,"Calgary, AB",DB
4501,0,457,1,Rene,Paredes,Calgary Stampeders,5.11,197,31182,"Caracas, Venezuela",WR
4503,0,0,0,Ted,Laurent,Hamilton Tigercats,6.01,303,32143,"Montreal, QC",DL
4507,2,12,0,Geoff,Tisdale,Saskatchewan Roughriders,5.11,195,31464,"Pacoima, CA",RB
4509,0,0,0,Tony,Washington,Edmonton Eskimos,6.07,318,31460,"New Orleans, LA",WR
4511,0,0,0,Khreem,Smith,BC Lions,6.03,270,29043,"St. James, Jamaica",OG
4555,2,12,1,Chris,Garrett,NULL,5.07,195,31819,"Utica, NY",DL
4557,0,0,0,Marcus,Howard,Edmonton Eskimos,6.01,245,31332,"Huger, SC",RB
4579,7,44,1,Andy,Fantuz,Hamilton Tigercats,6.04,220,30668,"Chatham, ON",NA
4589,3,18,8,Jock,Sanders,Ottawa Redblacks,5.07,191,32308,"St. Petersburg, FL",DB
4599,0,0,0,Woodny,Turenne,NULL,6.01,182,32045,"Fort Lauderdale, Fla",RB
4609,0,0,0,Tyron ,Brackenridge,Saskatchewan Roughriders,6,189,30863,"Pasadena, CA",OG
4611,0,0,0,Kurt,Adams,Calgary Stampeders,6.05,191,31968,"Searcy, AR",OG
4631,0,0,0,Jasper,Simmons,Calgary Stampeders,6.01,223,32740,"Pensacola, FL",OG
4649,1,6,0,Marc,Beswick,NULL,6.01,198,30339,"Vancouver, BC",OG
4677,8,50,3,Courtney,Taylor,BC Lions,6.01,205,30779,"Carrollton, AL",RB
4683,0,0,1,Joe,Burnett,Calgary Stampeders,5.1,192,31744,"Eustis, FL",OG
4703,0,0,0,Bear,Woods,Montreal Alouettes,6,245,31799,"Macclenny, FL",C
4713,0,0,0,Chris,McCoy,Calgary Stampeders,6.03,261,31742,"Villa Rica, GA",OL
4731,0,0,0,Travon,Patterson,Calgary Stampeders,5.09,170,32406,"Long Beach, CA",WR
4735,1,6,0,Graig,Newman,Winnipeg Blue Bombers,6.01,214,32661,"Langley, BC",RB
4741,3,18,1,Julian,Feoli-Gudino,Winnipeg Blue Bombers,6,211,31950,"San Jose, Costa Rica",WR
4747,6,36,4,Chad,Simpson,Edmonton Eskimos,5.09,205,31281,"Miami, FL",WR
4761,0,0,0,Simoni,Lawrence,Hamilton Tigercats,6.01,228,32540,"Upper Darby, PA",OG
4763,0,0,0,Michael,Ricks,NULL,6.02,203,31874,"Courtland, AL",OLB
4769,0,0,0,Martell,Mallett,Calgary Stampeders,6,208,31545,"Pine Bluff, AR",QB
4773,13,78,2,Taj,Smith,Saskatchewan Roughriders,6.01,198,30589,"Newark, NJ",DT
4777,14,86,2,Kory,Sheets,Calgary Stampeders,5.11,208,31137,"Hartford, CT",DB
4781,1,6,0,Marcus,Ball,Calgary Stampeders,6.01,209,31979,"Norfolk, VA",DL
4787,6,36,1,Dontrelle,Inman,Calgary Stampeders,6.03,204,32539,"Charleston, SC",DB
4795,2,12,6,Drew,Willy,Winnipeg Blue Bombers,6.04,221,31729,"Randolph, NJ",DB
4799,1,6,0,Abraham,Kromah,NULL,6,227,32419,"Staten Island, NY",DB
4803,0,0,0,Alvin,Bowen,NULL,6.02,225,30674,"East Orange, NJ",WR
4811,0,0,0,Levi,Brown,Calgary Stampeders,6.04,225,31847,"Mount Juliet, TN",WR
4827,1,6,2,Trevor,Harris,Toronto Argonauts,6.03,212,31563,"Waldo, OH",QB
4831,0,0,0,Xavier,Fulton,Saskatchewan Roughriders,6.04,300,31520,"Flossmoor, IL",OL
4833,0,0,1,Ricardo,Colclough,Calgary Stampeders,5.11,194,30585,"Sumter, SC",DB
4857,0,0,5,Jeremiah,Masoli,Hamilton Tigercats,5.1,221,32379,"San Francisco, CA",DB
4869,0,0,6,Noel,Devine,NULL,5.08,180,32189,"Fort Myers, FL",OLB
4883,2,12,1,Trent,Guy,Calgary Stampeders,5.09,170,32011,"Charlotte, NC",DB
4891,0,0,0,Marc,Dile,NULL,6.04,300,31537,"Orlando, FL",DB
4899,4,24,0,Onrea,Jones,Calgary Stampeders,6,202,30672,"Clarksville, TN",WR
4901,8,48,1,Chevon,Walker,Ottawa Redblacks,5.1,201,31906,"Montego Bay, Jamaica  ",RB
4905,0,0,0,Giovanni,Aprile,Hamilton Tigercats,6.03,220,32671,"Toronto, ON",OLB
4911,0,0,0,Kyle,Graves,Montreal Alouettes,6.03,220,32793,"Barrie, ON",RB
4923,1,6,0,Keenan ,MacDougall,Saskatchewan Roughriders,6.02,216,32950,"Saskatoon, SK",WR
4929,0,0,0,Shea,Pierre,NULL,5.1,189,32528,"Mississauga, ON",OLB
4931,1,6,0,Teague ,Sherman,Winnipeg Blue Bombers,5.11,189,32231,"Edmonton, AB",DB
4943,0,0,1,Patrick ,Lavoie,Ottawa Redblacks,6.02,240,32069,"Saint-Flavie, QC",OG
4949,0,0,0,Jonathan ,Beaulieu-Richard,NULL,6.01,215,32426,"Trois-Riviere, QC",QB
4953,0,0,0,Wilkerson ,DeSouza,Calgary Stampeders,5.11,221,31712,"Ipatinga, BR",DB
4957,0,0,0,Sam,Hurl,Winnipeg Blue Bombers,6.01,231,32989,"Calgary, AB",WR
4961,0,0,0,Frédéric,Plesius,Hamilton Tigercats,6.01,240,32183,"Laval, QC",DB
4963,0,0,0,Kevin,Régimbald,Saskatchewan Roughriders,6.01,225,31965,"Rouyn-Noranda, QC",OG
4965,0,0,0,Kirby ,Fabien,BC Lions,6.06,295,33123,"Calgary, AB",OL
4967,0,0,0,Ben ,Heenan,NULL,6.04,310,32909,"Regina, SK",OG
4975,0,0,0,Matthew ,Norman,BC Lions,6.03,317,32314,"Chateauguay, QC",OG
4977,0,0,0,Tyson ,Pencer,NULL,6.07,300,32549,"North Delta, BC",DB
4983,5,32,0,Shamawd,Chambers,Edmonton Eskimos,6.03,219,32577,"Toronto, ON",QB
4985,2,12,0,Simon ,Charbonneau-Campeau,Calgary Stampeders,6.04,211,32265,"St-Jean-sur-Richelieu, QC",RB
4997,0,0,0,Justin ,Capicciotti,Ottawa Redblacks,6.03,235,32826,"Toronto, ON",DB
4999,0,0,0,Arnaud ,Gascon-Nadon,Hamilton Tigercats,6.03,250,32334,"Montreal, QC",OL
5003,1,6,0,David ,Lee,NULL,6.04,259,33120,"London, ON",DT
5009,0,0,0,Jake ,Thomas,Winnipeg Blue Bombers,6.02,274,33213,"Douglas, NB",RB
5021,0,0,0,Macho,Harris,Saskatchewan Roughriders,6,200,31459,"Highland Springs, VA",OL
5033,0,0,0,Gerard,Lawson,Calgary Stampeders,5.1,195,31059,"Las Vegas, NV",OG
5039,0,0,0,Alex,Hall,Saskatchewan Roughriders,6.05,260,31276,"Glenarden, MD",RB
5041,0,0,0,Terrell,Parker,NULL,5.11,223,32072,"Baltimore, MD",OL
5045,2,12,3,Demond,Washington,Winnipeg Blue Bombers,5.09,180,32050,"Tallassee, AL",OL
5051,0,0,0,Daniel,Sheffield,NULL,6.04,210,32183,"Ashburn, GA",OLB
5077,1,6,0,Chris,Matthews,Calgary Stampeders,6.05,227,32787,"Long Beach, CA",OL
5083,7,42,14,Bo Levi,Mitchell,Calgary Stampeders,6.02,196,32935,"Katy, TX",S
5089,0,0,0,Jabar,Westerman,BC Lions,6.02,285,32641,"Fort Lauderdale, FL",OG
5093,0,0,0,Ameet,Pall,NULL,6,245,31895,"Montréal, QC",OG
5095,0,0,0,Courtney,Stephen,Hamilton Tigercats,6,194,32808,"Brampton, ON",K
5097,0,0,0,Cleyon,Laing,Toronto Argonauts,6.03,280,33198,"Edmonton, AB",WR
5099,0,0,0,Bo,Adebayo,NULL,6.04,268,32227,"Edmonton, AB",WR
5103,0,0,0,Michael,Atkinson,Hamilton Tigercats,6,312,32572,"Windsor, ON",DB
5107,0,0,0,Rene,Stephan,NULL,6.02,221,32270,"St. Catharine's, ON",WR
5109,0,0,0,Herve,Tonye-Tonye,Toronto Argonauts,5.11,234,32278,"Yaounde, Cameroon",DB
5111,0,0,0,Lance,Milton,Calgary Stampeders,5.11,175,31840,"Calgary, AB",LS
5113,0,0,0,Brad,Erdos,Calgary Stampeders,6.03,299,32989,"Lethbridge, AB",DB
5115,0,0,0,Quincy,Hurst,Calgary Stampeders,5.08,152,32429,"Vancouver, BC",DL
5117,0,0,0,Adam,Berger,Calgary Stampeders,6,207,33052,"Vancouver, BC",DL
5119,0,0,0,Mike,Filer,Hamilton Tigercats,6.02,300,32999,"Brantford, ON",OG
5125,0,0,0,Bryn,Roy,Montreal Alouettes,6.01,225,32237,"Dalemead, AB",OG
5127,0,0,0,Hasan,Hazime,Hamilton Tigercats,6.05,260,32134,"Pickering, ON",RB
5131,0,0,0,Ryan,King,Edmonton Eskimos,5.11,218,31462,"Edmonton, AB",OG
5133,0,0,1,Aaron,Crawford,Hamilton Tigercats,6.04,250,31678,"Medicine Hat, AB",QB
5139,0,0,0,Ryan,White,Montreal Alouettes,6.04,290,31788,"Montreal, QC",WR
5149,0,0,0,Kenny,Ingram,Calgary Stampeders,6.05,238,31470,"Orlando, FL",WR
5151,1,6,0,Ed,Gainey,Hamilton Tigercats,5.11,195,33030,"Winston-Salem, NC",QB
5153,4,24,0,Joe,West,Calgary Stampeders,6.01,202,30713,"Melbourne, FL",QB
5159,0,0,0,Deron,Mayo,Calgary Stampeders,5.11,225,32230,"Hampton, VA",WR
5177,0,0,0,Antareis,Bryan,Saskatchewan Roughriders,6.02,193,32283,"Dallas, TX",DB
5183,0,0,0,Dan,West,Saskatchewan Roughriders,6.02,205,31658,"Ajax, ON",WR
5189,0,0,0,Jalil,Johnson,Calgary Stampeders,5.1,182,32337,"Leland, MS",OG
5195,3,18,4,Thomas ,DeMarco,Ottawa Redblacks,5.11,200,32524,"Palm Desert, CA",DL
5205,0,0,0,Jalil,Carter,Calgary Stampeders,6.01,205,32707,"Toledo, Ohio",DB
5211,0,0,0,Bryan,Payton,Calgary Stampeders,6.02,210,31626,"West Covina, California",DB
5213,0,0,0,Gerald,Riggs Jr.,Calgary Stampeders,5.11,216,30587,"Chattanooga, Tennessee",DB
5215,0,0,1,Jerod,Zaleski,Montreal Alouettes,6.04,241,32862,"Kelowna, BC",DB
5223,0,0,0,Glenn,Love,Calgary Stampeders,6.04,225,32667,"Champaign, IL",WR
5233,0,0,0,Troy,Butler,Calgary Stampeders,5.11,199,31915,"Waldorf, MD",WR
5237,0,0,0,Joshua,Bell,Calgary Stampeders,6,174,31055,"Los Angeles, CA",RB
5245,0,0,1,Fred,Bennett,Calgary Stampeders,6.01,192,30681,"Manning, SC",OL
5247,2,12,0,Chris,Randle,Winnipeg Blue Bombers,5.11,193,32312,"Berkeley, CA",OLB
5255,0,0,0,Louie,Richardson,Winnipeg Blue Bombers,6.04,236,31312,"Vancouver, BC",QB
5261,10,60,3,Nic ,Grigsby,Calgary Stampeders,5.11,195,32503,"Los Angeles, CA",RB
5269,0,0,0,Ezra,Millington,NULL,6,195,32293,"Newmarket, ON",WR
5275,0,0,0,Doug,Pierce,Calgary Stampeders,6.05,211,31942,"Arp, TX",OG
5289,0,8,2,Josh,Bartel,Calgary Stampeders,6.03,200,31160,Australia,QB
5297,0,0,0,Brandon ,Jordan,Calgary Stampeders,6.05,255,32403,"Houston, TX",OLB
5301,0,2,0,Isaac,Anderson,Calgary Stampeders,5.1,173,32473,"Minneapolis, MN",LS
5307,0,0,0,Brandon,Boudreaux,Calgary Stampeders,6.01,240,32685,"Auburn, AL",OL
5315,0,0,0,Matt,Bucknor,Winnipeg Blue Bombers,5.11,185,31228,"Hamilton, ON",DB
5337,1,6,1,Patrick,Watkins,Edmonton Eskimos,6.05,205,30303,"Tallahassee, Florida",DB
5341,0,0,0,Raymond,Brown,NULL,6.03,206,31683,"St. Louis, Missouri",OLB
5355,0,0,0,Jeremy,McGee,Calgary Stampeders,5.1,185,32347,"New Orleans, LA",QB
5367,0,4,0,Anthony,Alix,Ottawa Redblacks,5.11,189,31754,"Mont-Tremblant, Quebec",WR
5369,7,42,2,Ernest ,Jackson,Ottawa Redblacks,6.02,220,31694,"Rochester, NY",DB
5373,8,48,19,Zach,Collaros,Hamilton Tigercats,6,216,32382,"Steubenville, Ohio",DB
5375,1,6,0,Terrell,Maze,Saskatchewan Roughriders,5.11,175,30754,"Fort Hood, TX",DL
5377,13,78,3,Dan,LeFevour,Montreal Alouettes,6.03,230,31855,"Downers Grove , IL",OL
5381,1,6,0,Rico,Murray,Hamilton Tigercats,5.11,200,32010,"Cincinnati, OH",OL
5391,0,0,0,C.J.,Washington,Calgary Stampeders,5.08,160,32753,"Winston-Salem, NC",QB
5401,0,0,0,Alan-Michael,Cash,Montreal Alouettes,6.02,292,32009,"Richmond, VA",K
5403,0,0,0,Mike ,Lockley,NULL,6.02,250,32253,"Orlando, FL",OG
5409,2,12,0,Jamar,Wall,Calgary Stampeders,5.1,196,32152,"Lubbock, TX",OLB
5415,0,0,0,Michael ,Ola,Calgary Stampeders,6.03,278,32252,"Riverdale, GA",S
5417,0,0,0,Mike,Benson,BC Lions,5.1,238,31910,"Winnipeg, MB",WR
5429,0,0,0,Shannon,Boatman,Calgary Stampeders,6.06,325,31010,"Beaumont, TX",OL
5439,0,296,0,Swayze,Waters,Toronto Argonauts,6,185,31915,"Jackson , MS",OG
5445,12,72,2,Will,Ford,NULL,5.11,195,31761,"Travelers Rest, SC",RB
5449,0,0,0,Steven,Doege,Calgary Stampeders,6.03,258,33260,"Kelowna, BC",RB
5453,0,0,0,Brody,McKnight,NULL,6,204,32801,"Vancouver, BC",OG
5459,0,0,0,JT,Gilmore,Calgary Stampeders,6.03,276,31836,"West Covina, CA",OLB
5461,0,0,0,Derrius,Brooks,Calgary Stampeders,5.1,195,32292,"Columbus, GA",OG
5473,1,6,0,Brandon,Rutley,Montreal Alouettes,5.11,192,32606,"Tuscaloosa, AL",OG
5485,1,6,0,Alonzo,Lawrence,NULL,6,218,32796,"Dallas, TX",OG
5487,0,0,0,Donovan,Robinson,NULL,6.03,250,32527,"Milwaukee, WI",OL
5491,1,6,0,Chris,Jennings,Calgary Stampeders,5.1,218,31393,"Yuma, AZ",OL
5493,0,0,0,Scooter,Berry,NULL,6.02,285,31591,"North Babylon, N.Y.",DL
5499,1,6,0,Lavasier,Tuinei,NULL,6.05,220,33145,"Arcadia, IN",OL
5501,0,0,0,Brandon,Lang,Calgary Stampeders,6.04,257,31581,"Tucker, GA",DL
5509,0,0,0,Terrence,Moore,Calgary Stampeders,6.03,290,32539,"New Orleans, LA",OG
5513,0,0,0,Cordarro,Law,Calgary Stampeders,6.02,262,32431,"Whitfield, AL",OL
5519,0,0,0,Monte,Lewis,Calgary Stampeders,6.03,241,32430,"Abbeville, AL",QB
5533,1,6,0,Ed,Gant,NULL,6.03,200,31801,"Fort Myers, FL",OLB
5535,0,0,0,Ramzee,Robinson,NULL,5.1,190,30732,"Huntsville, AL",DB
5537,0,0,0,Phillip,Livas,NULL,5.07,180,32622,"Houma, LA",OG
5539,1,6,0,Winston,Venable,Montreal Alouettes,5.11,220,31867,"San  Rafael, CA",WR
5545,0,0,0,Aaron ,Lavarias,Montreal Alouettes,6.03,250,32260,"Woodinville, WA",WR
5547,2,12,2,Tyron,Carrier,NULL,5.08,170,32130,"Houston, TX",QB
5553,4,24,2,Wallace,Miles,Edmonton Eskimos,6.01,195,32721,"Atlanta, GA",RB
5559,0,0,0,Josh,Jasper,Calgary Stampeders,5.11,171,32107,"Memphis, Tennessee",WR
5571,0,0,0,Vincent,Agnew,Toronto Argonauts,5.1,195,32139,"Grand Rapids, MI",OLB
5575,0,0,0,Eddie,Elder,Calgary Stampeders,5.1,186,32553,"Sacramento, CA",WR
5585,0,0,0,DeAngelo,Smith,Calgary Stampeders,5.11,197,31610,"Columbus, OH",WR
5587,0,0,0,Bryan,Williams,NULL,5.11,198,32037,"Akron, OH",WR
5593,1,6,1,Brian,Peters,Calgary Stampeders,6.03,218,32447,"Pickerington, OH",DB
5601,0,0,0,Christopher,Lyle,Calgary Stampeders,6.03,260,31924,"Waldorf, MD",K
5607,0,0,0,Philippe,Dubuisson-Lebon,NULL,6.02,221,32155,"Montreal, QC",LS
5609,0,0,0,Anthony,Degrate,Calgary Stampeders,6.02,237,31967,"Dallas, TX",QB
5615,0,0,0,Nate ,Bussey,NULL,6.02,220,32559,"Washington, DC",OLB
5617,0,0,0,Stephfon,Green,NULL,5.09,200,32656,"Bronx, NY",K
5619,0,19,0,Ricky,Schmitt,Montreal Alouettes,6.03,213,31276,"Virginia Beach, VA",DB
5623,0,0,0,David ,Clowney,NULL,6,188,31236,"Amityville, NY",WR
5625,0,0,0,Donovan,Richard,NULL,6,220,32736,"Georgetown, SC",DB
5633,0,0,0,Bo,Lokombo,BC Lions,6.02,233,33161,"Kinslasa, Congo",OG
5643,0,0,0,Kalonji,Kashama,Ottawa Redblacks,6.04,259,33424,"Brampton, ON",OG
5645,0,0,0,Brett,Jones,Calgary Stampeders,6.02,318,33448,"Weyburn, SK",QB
5647,0,0,0,Ben,D'Aguilar,Calgary Stampeders,6.02,236,32763,"Hamilton, ON",DB
5653,0,0,0,Brander,Craighead,Calgary Stampeders,6.07,300,33124,"Belleville, ON",QB
5655,0,0,0,Nolan,MacMillan,Ottawa Redblacks,6.06,294,33228,"Arnprior, ON",QB
5667,0,0,0,Tyler,Beiler,Calgary Stampeders,6,196,32461,"Ronks, PA",OLB
5669,0,0,0,Shane,Horton,NULL,6.01,215,32349,"Chatsworth, CA",OLB
5671,0,0,0,Ryan,Wellman,NULL,6.06,235,33127,"Regina, SK",RB
5677,4,24,3,Darvin,Adams,Winnipeg Blue Bombers,6.02,185,32878,"Canton, Mississippi",DB
5689,1,6,0,Jacory,Harris,Hamilton Tigercats,6.04,205,33005,"Miami, FL",OG
5701,0,0,4,Tavoy,Moore,NULL,5.06,196,32672,"Long Beach, CA",DB
5705,0,0,0,SirVincent,Rogers,Ottawa Redblacks,6.04,319,31541,"Jasper, TX",DB
5707,0,0,0,Kenny,Horsley,Calgary Stampeders,6.06,295,32217,"Newport News, VA",QB
5709,0,0,0,Janzen,Jackson,Calgary Stampeders,6,187,33221,"Lake Charles, LA",WR
5713,0,0,0,Juaquin,Iglesias,NULL,6.01,212,32011,"Killeen, TX",LS
5715,0,0,0,Lyle ,Leong Jr.,NULL,6.01,185,32012,"Abilene, TX",WR
5717,0,0,0,Kendric,Burney,NULL,5.09,190,32187,"Jacksonville, N.C.",OG
5719,1,6,0,Rennie,Curran,NULL,5.11,230,32457,"Snellville, GA",RB
5721,0,0,0,Wallace,Wright,NULL,6.01,201,30713,"Fayetteville, N.C.",OL
5723,0,0,0,Brett,Cameron,NULL,6.01,197,33088,"Winnipeg, MB",K
5725,0,0,0,Josh,Portis,NULL,6.04,205,31972,"Woodland Hills, CA",WR
5727,0,0,0,Brandyn,Thompson,Ottawa Redblacks,5.1,188,32811,"Elk Grove, CA",OL
5729,1,6,0,Desia,Dunn,NULL,5.09,194,32457,"Stockton, CA",WR
5737,0,0,0,Markell,Carter,NULL,6.04,245,32873,"Bartlesville, OK",QB
5741,1,6,0,Seydou Junior,Haidara,Saskatchewan Roughriders,6.01,215,32572,"Quebec, QC",DL
5743,0,0,0,Yannick,Morin-Plante,Calgary Stampeders,6,193,32776,"Drummondville, QC",OLB
5757,0,0,0,Simon,Le Marquand,Calgary Stampeders,6.01,199,32463,"Gatineau, QC",RB
5777,0,0,0,Isaac,Dell,NULL,6.01,218,32972,"Niagara Falls, ON",OG
5779,0,0,0,Brendan ,Gillanders,Toronto Argonauts,5.11,211,33204,"Orleans, ON",OL
5783,1,6,0,Steven,Lumbala,Montreal Alouettes,5.11,220,33459,"Montréal, QC",DB
5793,0,0,0,Mike,Daly,Hamilton Tigercats,6.01,182,33023,"Kitchener, ON",OG
5795,0,0,0,Neil,King,Hamilton Tigercats,6,195,32396,"Edmonton, AB",WR
5797,0,0,0,Matt,McGarva,Calgary Stampeders,5.11,199,33384,"Surrey, BC",QB
5799,0,0,0,Romeo,Pellum,Calgary Stampeders,5.1,184,32566,"Long Beach, CA",WR
5801,0,0,0,Reggie,Jones,Calgary Stampeders,6,195,31486,"Bellevue, WA",QB
5809,0,0,0,Hilee,Taylor,NULL,6.02,250,31611,"Laurinburg, NC",WR
5811,0,0,0,Will,Davis,NULL,6.02,248,31930,"Greenbelt, MD",WR
5827,0,0,0,Elie,Ngoyi,Edmonton Eskimos,6.02,255,32411,Congo,DB
5831,0,0,0,Nicolas,Boulay,Montreal Alouettes,6,220,32769,"Magog, QC",K
5833,0,0,0,Mike,Edem,Montreal Alouettes,6.01,200,32700,"Lagos, Nigeria",WR
5837,0,0,0,Pawel ,Kruba,NULL,5.11,210,32953,"Tecumseh, ON",RB
5839,0,0,0,Kyle,Norris,NULL,6.03,235,32944,"Stittsville, ON",QB
5841,0,0,0,Carl-Olivier,Primé,Hamilton Tigercats,6.01,255,32780,"Laval, QC",DB
5845,0,191,4,Lirim,Hajrullahu,Winnipeg Blue Bombers,5.11,205,32987,"St. Catharines, ON",QB
5847,0,34,0,Brett,Lauther,Calgary Stampeders,6.01,195,33181,"Truro, NS",DB
5849,0,0,0,Harold,Mutobola,NULL,6.01,190,32861,"Congo, Africa",WR
5855,0,0,0,Landon,Rice,Hamilton Tigercats,6.06,315,32201,"Brandon, MB",WR
5857,0,0,0,Michael ,Klassen,Montreal Alouettes,6.05,275,33317,"Calgary, AB",S
5859,1,6,0,Jermaine,Gabriel,Toronto Argonauts,5.1,199,32946," Scarborough, ON",WR
5863,0,0,0,Stephen,Adekolu,BC Lions,6.04,200,32528,"Brampton, ON",DB
5867,0,0,0,Andre,Ramsey,Calgary Stampeders,6.05,322,31982,"Portsmouth, NH",DB
5869,0,0,0,Dominic,Rhodes,Calgary Stampeders,5.09,205,28872,"Waco, Texas",OG
5871,6,36,4,Paris,Cotton,Winnipeg Blue Bombers,5.08,193,32814,"Miami, FL",RB
5873,17,102,3,C.J.,Gable,Hamilton Tigercats,6.01,215,32069,"Sylmar, CA",WR
5879,0,0,0,Joel,Figueroa,Hamilton Tigercats,6.06,320,32688,"North Miami, FL",QB
5885,0,0,0,Chase,Clement,Calgary Stampeders,6.01,222,31574,"San Antonio, TX",OLB
5887,0,0,3,Max,Hall,NULL,6.01,200,31321,"Mesa, AZ",QB
5889,0,0,0,Elvis,Akpla,Calgary Stampeders,6.01,191,32514,"Portland, OR",WR
5891,0,0,0,Marquis,Frazier,Calgary Stampeders,6.04,276,32036,"Garland, TX",DB
5893,0,0,0,Jameze,Massey,Calgary Stampeders,5.07,168,33017,"Monroe, NC",OG
5895,1,6,0,Erik,Harris,Hamilton Tigercats,6.03,225,32965,"New Oxford, PA",DB
5897,0,0,0,Arthur,Hobbs,Calgary Stampeders,5.1,195,32830,"San Diego, CA",OG
5903,0,0,0,Ouslet,Volcy,Calgary Stampeders,5.09,175,32650,"Miami, FL",DB
5905,0,0,0,Craig,Marshall,NULL,6.04,290,32183,"Fort Walton Beach, FL",DB
5907,2,12,2,Brian,Brohm,Winnipeg Blue Bombers,6.03,232,31313,"Louisville, KY",DB
5911,1,6,0,Eron,Riley,NULL,6.03,205,31994,"Savannah, GA",DB
5913,2,12,0,Cord,Parks,BC Lions,5.11,180,31728,"Decatur, GA",DB
5921,0,0,0,Wendell,Brown,Calgary Stampeders,5.11,222,31752,"Detroit, MI",OLB
5923,0,0,0,Freddie,Harris,Calgary Stampeders,6.02,233,31584,"Carrollton, TX",DB
5925,0,0,0,Trevor,Kennedy,Calgary Stampeders,6,202,33136,"Akron, OH",WR
5927,0,0,0,DeDe ,Dorsey,NULL,5.11,210,30895,"Broken Arrow, OK",RB
5929,0,0,0,Antonio ,Coleman,Hamilton Tigercats,6.01,254,31656,"Mobile, AL",OLB
5931,0,0,0,Richard ,Sumlin,NULL,6.02,270,32846,"Medina, OH",OLB
5933,0,0,0,Chris,Hart,NULL,6.02,220,32212,"Bradenton, FL",QB
5941,0,0,0,Nekos,Brown,NULL,6.01,253,32191,"Brandywine, MD",RB
5943,10,60,5,Curtis,Steele,Toronto Argonauts,5.11,189,31860,"Franklin, TN",K
5945,1,6,2,Ian,Wild,NULL,6,208,32945,"Pittsburgh, PA",OG
5947,0,0,0,Quinn,Porter,Calgary Stampeders,5.11,298,31445,"Los Angeles, CA",OLB
5949,0,0,0,Dexter,Davis,Calgary Stampeders,6.03,215,33234,"Wichita, KS",OG
5955,0,0,0,Steven ,Shott,Calgary Stampeders,6.04,210,32874,"Vancouver, BC",OLB
5959,0,0,0,Whitman,Tomusiak,Calgary Stampeders,6.01,190,33482,"Mill Bay, BC",WR
5965,0,0,0,Damone,Blackman,NULL,5.11,170,32686,"Oshawa, ON",WR
5967,0,0,0,Smith,Wright,NULL,6.02,220,32991,"Calgary, AB",QB
5969,0,0,0,Billy,Pavlopoulos,Calgary Stampeders,6.02,210,33454,"Georgetown, ON",RB
5973,0,0,1,Shane,Bergman,Calgary Stampeders,6.07,330,32913,"Teeterville, ON",OG
5975,0,0,0,Simon,Légaré,NULL,6.04,275,32777,"Montreal, QC",WR
5985,0,0,0,Jorgen,Hus,Saskatchewan Roughriders,6.01,230,32763,"Saskatoon, SK",RB
5987,0,2,0,Charlie,Power,Calgary Stampeders,6.03,239,33390,"Chamblee, GA",OLB
5989,1,6,1,Natey,Adjei,Toronto Argonauts,5.1,193,32766,"Toronto, ON",WR
5991,0,0,1,Carl,Fitzgerald,NULL,6.05,253,32886,"Peterborough, ON",WR
5993,0,0,0,Connor,Williams,Ottawa Redblacks,6.03,278,33486,"North Vancouver, BC",WR
6047,0,0,0,Quintin,McCree,Calgary Stampeders,6.01,195,32037,"Brandywine, MD",WR
6051,0,0,0,Tim,Hutchison,Calgary Stampeders,6.05,204,32191,"Naracoorte, Australia",WR
6071,0,0,0,Rico,Wallace,NULL,6.03,215,33018,Hanover MD,RB
6075,7,42,4,John,White,Edmonton Eskimos,5.08,186,33335,"Torrance, CA",RB
6101,0,0,0,Major,Culbert,Calgary Stampeders,5.11,208,32140,"Harbor City, CA",RB
6103,9,58,3,John,Chiles,Calgary Stampeders,6.01,209,32425,"Dallas, TX",RB
6107,5,30,0,Korey,Williams,Saskatchewan Roughriders,6,185,31969,"New Orleans, LA",RB
6109,0,0,0,Bert,Brown,Calgary Stampeders,5.09,176,32900,"Daytona Beach, FL",RB
6111,0,0,0,David,James,Calgary Stampeders,6,188,33019,"Edmond, OK",C
6115,0,0,0,Ben,Wells,NULL,6,194,32517,"Beaumont, TX",OL
6117,0,0,0,Jordan ,Verdone,Ottawa Redblacks,5.11,235,32605,"Echo Bay, ON",OG
6119,0,0,0,Dekota,Marshall,Calgary Stampeders,6.01,196,32075,"Jacksonville, NC",OL
6121,1,6,8,Jonathan,Crompton,Montreal Alouettes,6.04,225,31983,"Asheville, NC",WR
6125,0,0,0,Antonio,Leak,Calgary Stampeders,6.02,258,31954,"Little Rock, AR",OL
6127,0,0,0,Keynan ,Parker,BC Lions,6,183,32829,"Coquitlam, BC",C
6137,3,18,2,Mitchell,Gale,Toronto Argonauts,6.02,240,32880,"Alva, OK",OL
6139,0,0,0,Reshard,Langford,NULL,6.01,213,31449,"Madison, AL",OG
6141,0,0,0,Anthony,Heygood,NULL,6.01,225,31505,"Chester, PA",DT
6145,0,0,0,Justin,Hilton,Calgary Stampeders,6.03,190,32485,"Baltimore, MD",OG
6147,0,0,0,Eric,McCree,NULL,6.03,208,32263,"Hollywood, FL",OG
6149,1,6,0,Tim,Hawthorne,Calgary Stampeders,6.03,218,32073,"Birmingham, AL",OG
6153,0,0,0,Tracy,Lampley,NULL,5.08,173,33071,"Waynesboro, MS",OG
6159,0,0,0,Jerett,Sanderson,Calgary Stampeders,6,193,31780,"Long Branch, NJ",OG
6161,1,6,0,Delvin,Breaux,Calgary Stampeders,6.01,196,32806,"New Orleans, LA",OG
6167,0,0,0,Terrance,Parks,NULL,6.02,218,32982,32977,OG
6169,0,0,0,Eze,Obiora,Calgary Stampeders,6.03,240,33026,"Manchester, UK",OL
6171,0,0,0,Nick,Rosamonda,NULL,6.01,212,33004,"Debary, FL",OLB
6183,0,0,0,Edmon,McClam,Calgary Stampeders,6.06,280,32556,"Coward, SC",DL
6193,0,0,0,Ryan,Perrilloux,Calgary Stampeders,6.03,204,31778,"LaPlace, LA",OL
6195,3,18,1,Jonathan,Williams,Calgary Stampeders,6.01,210,32376,"Smithfield, NC",DB
6199,0,0,0,Micah,Johnson,Calgary Stampeders,6.02,276,32316,"Columbus, GA",OLB
6211,2,12,0,John,Delahunt,NULL,6.03,243,31907,"Ottawa, ON",DB
6217,2,12,5,Lindsey,Lamar,Calgary Stampeders,5.09,180,33135,0,OLB
6221,0,0,0,Marvin,Booker,Calgary Stampeders,6.02,239,32948,"Piscataway, NJ",S
6225,0,0,0,Jarriel,King,Toronto Argonauts,6.06,298,31835,"Charleston, SC",S
6227,0,0,0,Josh,Gatlin,NULL,6.01,199,31819,"Jacksonville, FL",DB
6231,1,6,0,Kiante,Tripp,Calgary Stampeders,6.05,277,32057,"Atlanta, GA",DB
6233,0,0,0,Reggie,Williams,Calgary Stampeders,6.04,233,30453,"Landstuhl, Germany",DB
6235,0,0,0,Zach,Anderson,Winnipeg Blue Bombers,6.03,297,32832,"Sault Ste. Marie, MI",OLB
6237,0,0,0,Marcus,Hyde,NULL,6.03,248,32440,"Manassas, VA",DB
6239,0,0,0,Marty,Markett,NULL,5.09,173,32758,"York, SC",DB
6241,1,6,0,Jonathan,Williams,Ottawa Redblacks,6.02,282,31373,"Augusta, GA",DB
6243,0,0,0,Wesley,Pendleton,Calgary Stampeders,5.11,175,32841,"Natchez, MS",OG
6245,1,6,0,Jamie,Robinson,NULL,6.02,192,31956,"Rock Hill, SC",OG
6247,9,56,1,Greg,Ellingson,Ottawa Redblacks,6.03,197,32507,"Tampa Bay, FL",DL
6249,0,0,0,Chris,Amrhein,NULL,6.03,221,33075,"Hinghan, MA",WR
6253,0,0,0,Brandon,Kinnie,Calgary Stampeders,6.03,224,32504,"Kansas City, MO",DL
6257,0,0,0,Aaron,Grymes,Edmonton Eskimos,5.11,186,33298,"Seattle, Washington",OL
6261,0,0,0,Terrance,Lewis,NULL,5.08,162,32457,"Fort Myers, FL",K
6263,1,6,5,Tino,Sunseri,Saskatchewan Roughriders,6.02,215,32498,"Pittsburgh, PA",OG
6265,0,0,0,Corey ,Watman,Saskatchewan Roughriders,6.02,294,32676,"Queensville, ON",OLB
6269,0,0,0,Alex,Anthony,NULL,6.02,205,33337,Victoria BC,OG
6271,0,0,0,Levi,Steinhauer,Saskatchewan Roughriders,6.03,235,33257,"Moose Jaw, SK",DL
6273,0,0,0,Spencer,Moore,Saskatchewan Roughriders,6.04,230,33079,"Hamilton, ON",RB
6283,1,6,0,Emanuel,Davis,Hamilton Tigercats,5.11,182,32729,"Manteo, N.C.",DB
6287,0,0,0,Mathieu,Boulay,Edmonton Eskimos,6.02,250,32104,"Montréal, QC",K
6289,0,0,0,Matt,Cleveland,NULL,6.04,308,32735,"Kent, WA",WR
6293,0,0,0,Jamahl,Knowles,Montreal Alouettes,5.1,185,32337,"Vancouver, BC",DL
6295,11,66,5,Tanner,Marsh,Montreal Alouettes,6.04,218,33022,"Carrolton, TX",S
6297,0,0,0,Lorenzo,White,Calgary Stampeders,6,185,32836,"Fort Lauderdale, FL",OLB
6301,4,24,1,Kenny,Stafford,Edmonton Eskimos,6.03,204,32983,"Columbus, OH",OLB
6305,0,0,0,D.L.,Moore,Calgary Stampeders,6.05,198,32582,"Bowling Green, KY",RB
6307,14,84,4,Duron,Carter,NULL,6.05,205,33319,"Fort Lauderdale, FL",OL
6309,0,0,0,Michael,Campbell,Ottawa Redblacks,6.02,205,32732,"Edison, NJ",DB
6329,0,0,0,Cliff ,Louis,NULL,6.08,315,30918,"Brooklyn, NY",OG
6331,0,0,1,Eric ,Samuels,NULL,6.01,200,33367,"Eustis, FL",OL
6333,0,0,0,Tomas,Silva,NULL,6.03,200,NULL,0,DT
6337,0,0,0,John,Chick,Saskatchewan Roughriders,6.04,250,30275,"Gillette, WY",OL
6339,0,0,0,Taylor,Renaud,NULL,6.02,200,32133,"Winnipeg, MB",WR
6345,2,12,0,Khalil,Paden,Ottawa Redblacks,6.02,180,32786,"Granada Hills, CA",RB
6347,0,0,0,Jake,Reinhart,Toronto Argonauts,6,228,32837,"Guelph, Ontario",RB
6349,0,0,0,Thaddeus ,Coleman,Edmonton Eskimos,6.08,320,31218,"Waukegan, IL",WR
6351,0,0,0,Chad,Faulcon,NULL,6,190,32863,"Cranford, NJ",RB
6353,0,0,0,Eric,Foster,Calgary Stampeders,6.02,265,31142,"Homestead, FL",WR
6355,0,0,0,Quinten,Lawrence,Calgary Stampeders,6,184,30946,"Karencro, LA",DB
6357,0,0,0,Mister,Alexander,Calgary Stampeders,6.02,182,32296,"Kileen, TX",OG
6359,0,0,0,Isi,Sofele,NULL,5.08,200,33183,"Salt Lake City, UT",OL
6363,0,0,0,Chris,Clady,Calgary Stampeders,6.03,260,32828,"Rialto, CA",DB
6371,0,0,0,Isaiah,Sweeney,NULL,5.1,180,33086,"Missouri City, TX",RB
6375,0,0,0,Scott,Paxson,Calgary Stampeders,6.04,292,30350,"Philadelphia, PA",OG
6381,0,0,1,Prince,Miller,NULL,5.09,207,31061,"Greer, SC",OG
6383,0,0,0,Brett,Carter,NULL,6,200,33852,"Winnipeg, MB",DB
6385,0,0,0,Jamaan ,Webb,NULL,6.01,210,33822,"Jacksonville, FL",OG
6397,8,48,4,Tyrell,Sutton,Montreal Alouettes,5.08,213,31765,"Akron, OH",DB
6401,0,60,1,Delbert ,Alvarado,Ottawa Redblacks,6,198,32511,"La Ceiba, Honduras",RB
6403,0,0,0,Kyle,Miller,Hamilton Tigercats,5.1,190,32884,"Surrey, BC",OLB
6407,0,0,0,Yaser,Elqutub,Calgary Stampeders,6.01,227,32676,"Katy, TX",DB
6409,0,0,0,Eric,Norwood,Hamilton Tigercats,6.01,252,32284,"Acworth, GA",RB
6411,0,0,0,Andrew,Marshall,Ottawa Redblacks,6.03,240,33046,"Nanoose Bay, BC",OG
6413,0,0,0,Aaron,Woods,NULL,5.06,181,31629,"Portland, OR",QB
6417,0,0,0,Mortty,Ivy,NULL,6.01,239,31528,"Monroeville, PA",WR
6421,0,0,0,Freddie,Bishop III,Calgary Stampeders,6.04,265,32929,"Inkster, MI",DB
6425,0,0,0,Courtney,Greene,NULL,6,215,31739,"New Rochelle, NY",RB
6427,0,0,0,Auston,English,Calgary Stampeders,6.03,250,31846,"Canadian, TX",OLB
6429,0,0,0,Scott,Paxson,NULL,6.04,292,30350,"Philadelphia, PA",RB
6437,0,0,0,Cameron,Chism,Calgary Stampeders,5.1,190,33232,"Washington, D.C.",OG
6441,0,0,0,Jamar,Howard,NULL,6.04,215,32023,"Cincinnati, OH",WR
6445,1,6,0,Jerious,Norwood,Calgary Stampeders,5.11,205,30526,"Jackson, MS",OL
6449,2,14,5,Troy,Smith,Montreal Alouettes,6,224,30883,"Columbus, OH",DB
6457,0,0,0,Deante,Purvis,NULL,5.11,185,32816,"Richmond, CA",DB
6459,0,0,0,Mike,Sims-Walker,Calgary Stampeders,6.02,214,31007,"Orlando, FL",WR
6461,0,0,0,Alric,Arnett,Calgary Stampeders,6.02,188,31954,"Belle Glade, FL",WR
6465,0,0,2,Jamal,Miles,Calgary Stampeders,5.09,188,33297,"Peoria, AZ",OLB
6467,0,0,0,Neiko,Thorpe,Calgary Stampeders,6.02,185,32915,"Southfield, MI",OLB
6469,0,0,0,James,Rogers,NULL,6,188,32290,"Detroit, MI",DB
6475,0,0,0,Kevin,Barnes,NULL,6,187,31670,"Fayetteville, N.C",OG
6477,0,0,0,Kendial,Lawrence,NULL,5.09,195,32810,"Rockwall, TX",OG
6483,0,0,0,Clifton,Smith,NULL,5.08,190,31232,"Fresno, CA",OG
6485,6,36,0,Jeff,Fuller,Calgary Stampeders,6.04,217,32983,"Palo Alto, CA",OG
6487,8,48,2,Luke,Tasker,Hamilton Tigercats,5.11,191,33256,"East Aurora, NY.",DB
6491,0,0,0,Korey,Jones,Edmonton Eskimos,6.02,233,32602,"Fort Collins, CO",OG
6495,0,0,0,Jarvis,Jones,NULL,6.07,302,32201,"Richmond, TX",RB
6499,0,0,0,Stephen,McGee,Calgary Stampeders,6.03,218,31317,"Round Rock, TX",DT
6503,14,84,3,Brandon,Banks,Hamilton Tigercats,5.07,153,32132,"Garner, N.C.",DB
6505,0,0,0,Mario,Fannin,NULL,5.11,226,32115,"Bamberg, South Carolina",OLB
6507,0,0,0,J.D.,Griggs,Calgary Stampeders,6.05,262,33182,"Newark, NJ",LB
6513,0,0,0,Ryan,Lacy,Calgary Stampeders,5.09,186,33121,"Oklahoma City, OK ",QB
6515,0,0,0,Brandon,Thurmond,Calgary Stampeders,6.02,260,32919,"Augusta, GA",DB
6519,0,0,0,Taylor ,Reed,Hamilton Tigercats,6,235,33457,"Beaumont, TX",DB
6527,0,0,0,Buddy,Jackson,Calgary Stampeders,6.01,189,32570,"Plantation, FL",OG
6531,0,0,0,Kamar,Jorden,Calgary Stampeders,6.03,205,32645,"Darby, PA",WR
6537,0,0,0,Mardy,Gilyard,Montreal Alouettes,6,194,31748,"Daytona Beach, FL",OG
6541,2,12,0,Ronnie,Yell,BC Lions,5.1,185,33343,"Los Angeles, CA",S
6549,0,0,0,DeMarco,Sampson,NULL,6.02,204,31400,"Oakland, CA",QB
6555,1,6,0,Troy,Stoudermire,NULL,5.1,199,32964,"Dallas, TX",OG
6557,0,0,0,Nick,Brassell,Hamilton Tigercats,6.02,172,33975,"Batesville, Mississippi",WR
6559,0,0,1,Jarred,Fayson,Toronto Argonauts,6,219,32063,"Charleston, SC",QB
6563,0,0,0,Michael,McAdoo,NULL,6.07,245,33063,"Antioch, TN",DB
6579,0,0,0,Orhian,Johnson,Calgary Stampeders,6.03,210,32790,"St. Petersburg, FL",DB
6587,0,0,1,Carlton,Mitchell,Calgary Stampeders,6.04,212,32239,"Gainesville, FL",OG
6589,3,20,5,Stefan,Logan,Montreal Alouettes,5.06,180,29739,"Tampa, FL",OL
6595,0,0,0,Marcus,Thomas,NULL,6.03,316,31313,"Yokosuka, Japan",OG
6597,0,0,0,LaMark,Brown,Calgary Stampeders,6.03,220,32694,"St. Louis, MO",OLB
6599,0,0,0,Mitchell,White,Montreal Alouettes,5.11,185,32962,"Livonia, Michigan",OL
6603,1,6,1,Branden,Smith,Toronto Argonauts,5.1,166,32861,"Atlanta, GA",K
6607,0,0,0,Aaron,Maybin,NULL,6.04,237,32239,"Baltimore, MA",RB
6609,0,0,0,Quinn,Sharp,NULL,6.01,205,32824,"Grapevine, TX",OG
6621,0,0,0,Fred,Rouse,Calgary Stampeders,6'4,200,31398,Tallahassee,OG
6627,0,0,0,Jerrell,Gavins,Ottawa Redblacks,5'8,178,32440,"Miami, FL",S
6629,0,0,0,Michael,Hayes,Calgary Stampeders,5'9,200,33042,"East Bernard, TX",DB
6631,0,0,0,Eric,O'Neal,Calgary Stampeders,5'10,200,32745,"Kathleen, GA",OG
6641,0,0,0,Logan,Harrell,Calgary Stampeders,6.02,280,32776,"Laguna Niguel, CA",WR
6643,5,32,3,Jeremiah,Johnson,Ottawa Redblacks,5.09,210,31823,"Los Angeles, CA",WR
6645,0,0,0,Brandon,Underwood,Toronto Argonauts,6.02,187,31587,"Cincinnnati, OH",OG
6647,0,0,0,Matthew,Ware,Calgary Stampeders,6.03,228,30287,"Santa Monica, CA",OG
6651,0,0,0,Kenny,Tate,NULL,6.04,220,33008,"Forestville, Maryland",OG
6667,0,0,0,Akeem,Whonder,Calgary Stampeders,5.1,225,32646,"Mississauga, ON",DB
6669,1,6,0,Matt,Coates,Hamilton Tigercats,6.03,197,33434,"Markham, ON",DB
6671,0,0,0,Larry,Parker,Calgary Stampeders,5'11,170,32525,"San Diego, CA",WR
6677,0,0,0,D'Anthony,Batiste,Edmonton Eskimos,6.04,314,30039,"Marksville, LA",WR
6681,0,0,0,PaiPai,Falemalu,NULL,6.03,245,33207,"Honolulu, HI",WR
6687,0,0,0,Steven,Adu,Calgary Stampeders,5.09,190,32764,"Toronto, ON",DB
6693,6,38,0,Eric,Rogers,Calgary Stampeders,6.03,210,33281,"Glendora, CA ",DB
6701,3,18,0,AJ ,Guyton,NULL,5.11,198,32457,"Homestead, FL",DB
6705,0,0,0,KJ,Stroud,Calgary Stampeders,6.03,205,32862,"Brooklyn, NY",DB
6707,0,0,0,Aston,Whiteside,Ottawa Redblacks,6.02,234,32647,"Vernon, TX",NA
6711,0,0,0,Trevor,Guyton,NULL,6.03,280,32882,"Philadelphia, PA",DB
6713,0,0,0,Deon,Lacey,Edmonton Eskimos,6.02,229,33072,"Brighton, Ala.",WR
6723,1,6,4,Mossis,Madu,Hamilton Tigercats,6,197,32085,"Norman, OK",WR
6725,0,0,1,Seth,Doege,NULL,6.01,197,32495,"San Angelo, TX",WR
6727,5,30,0,Brett,Swain,NULL,6,200,31188,"Ashville, NC",WR
6733,3,18,0,John,Beck,BC Lions,6.02,215,29819,"Hayward, CA",OG
6737,0,0,0,Chaz,Schilens,Saskatchewan Roughriders,6.04,220,31358,"Lancaster, CA",OLB
6739,0,0,0,Jermaine,Thomas,NULL,5.11,196,32883,"Jacksonville, FL",OG
6743,0,0,0,Maurice ,Leggett,Winnipeg Blue Bombers,5.11,193,31687,"McKeesport, Pennsylvania",K
6747,0,0,0,Chad,Kilgore,11,6.01,230,32728,"Orrick, MO",DB
6749,0,0,0,Stafford,Gatling,NULL,6.04,249,32220,"Burlington, NC",OG
6753,0,0,0,Mario,Urrutia,NULL,6.06,238,31430,"Louisville, Kentucky",DB
6755,5,30,0,Robert,Marve,Winnipeg Blue Bombers,6.02,210,32549,"Tampa, Florida",DB
6757,0,0,0,Cedric,McKinley,Edmonton Eskimos,6.06,300,31862,"Demopolis, Ala",WR
6759,0,0,0,Daniel,Ross,NULL,6.05,305,34043,"Louisville, KY",WR
6763,0,0,1,Robert,Gill,Calgary Stampeders,5.1,180,30739,"San Antonio, TX",QB
6769,2,12,2,Terrell,Sinkfield,Hamilton Tigercats,6,200,33217,"Minnetonka, MN",DB
6771,0,0,0,Selvish,Capers,Edmonton Eskimos,6.05,308,31731,"New Orleans, LA",WR
6775,0,0,0,Greg,McCoy,NULL,5.09,187,32394,"Dallas, TX",WR
6777,0,0,0,Mark,LeGree,Saskatchewan Roughriders,6,211,32697,"St. Helena Island, SC",WR
6783,0,0,0,Gregory,Jones,Toronto Argonauts,6,238,32421,"Cincinnati, OH",WR
6789,0,0,0,Ryan,Steed,Calgary Stampeders,5.11,190,33075,"Charleston, NC",WR
6795,1,6,0,Otha,Foster,Edmonton Eskimos,6.02,204,32388,"Angie, Louisiana",DB
6797,4,24,0,Pat,White,NULL,6,205,31468,"Daphne, AL",OLB
6799,0,0,0,David,Caldwell,Hamilton Tigercats,5.11,212,31916,"Montclair, NJ",OLB
6809,0,0,0,Myron,Lewis ,Calgary Stampeders,6.02,203,32105,"Orlando, FL",DB
6813,0,0,0,Michael Ray,Garvin,NULL,5.08,198,31684,"Upper Saddle River, NJ",WR
6819,0,0,1,Keith,Toston,Calgary Stampeders,5.11,214,31903,"Angleton, TX",OG
6827,0,0,0,Willie,Jefferson,Edmonton Eskimos,6.06,245,33269,"Beaumont, TX",WR
6829,1,6,0,Travis,Brown,Ottawa Redblacks,6.01,236,33065,"Fresno, California",WR
6831,0,0,0,Jeremiah,Green,Calgary Stampeders,6.02,235,33001,"Tulare, California",WR
6837,0,0,0,Cameron,Sheffield,Saskatchewan Roughriders,6.02,250,32185,"Metterl, GA",WR
6843,0,0,0,Anthony,Barrett,Edmonton Eskimos,5.09,180,33551,"Scarborough, Ont.",OG
6849,2,12,1,Ryan ,Smith,Saskatchewan Roughriders,5.07,175,33469,"Wahpeton, ND",OL
6851,1,6,0,Chad,Johnson,Montreal Alouettes,6.01,188,28499,"Los Angeles, CA",DB
6855,0,0,0,Jason ,Barnes,NULL,6.04,215,32659,"Charlotte, NC",DB
6857,0,0,0,Stephon,Morris,NULL,5.08,185,33250,"Washington, DC",S
6859,0,0,0,Jaymar,Johnson,NULL,6,180,30873,"Gary, IN",OLB
6863,5,30,2,Steve,Slaton,11,5.09,199,31416,"Levittown, PA",DL
6869,0,0,0,C.J.,Tarver,NULL,5.08,160,30873,"Albany, NY",RB
6871,0,0,0,Bruce,Johnson,Winnipeg Blue Bombers,5.1,176,32129,"Live Oak, FL",OL
6875,0,0,0,Dominic,Alford,NULL,6.03,320,32175,"Cleveland, OH",WR
6879,0,0,0,Chika,Madu,Calgary Stampeders,5.09,178,32701,"Norman, Oklahoma",OG
6881,0,0,0,Jermaine,Robinson,Ottawa Redblacks,6.03,205,32973,"Pittsburgh, PA",QB
6883,0,0,0,Adam,Weber,NULL,6.03,210,31992,"Maplewood, MN",OG
6889,0,0,0,Mark,Dell,NULL,6.02,195,32656,"Detroit, MI",OLB
6891,0,0,0,Brandon,McRae,NULL,6.04,205,31486,"Boston, MA",C
6893,0,0,0,Patrick,Robertson,Calgary Stampeders,6.02,200,32994,"New Orleans, LA",WR
6899,0,0,0,Abdul,Kanneh,Ottawa Redblacks,5.1,185,33125,"London, England",RB
6901,0,0,0,Antonio,Fenelus,NULL,5.09,190,32888,"Boca Raton, FL",WR
6907,0,119,1,Brett,Maher,NULL,6,186,32833,"Kearney, Nebraska",RB
6909,0,0,0,Matt,Pierce,NULL,5.1,195,33120,"New Orleans, LA",WR
6911,0,0,0,Kashawn ,Fraser,Winnipeg Blue Bombers,6.03,258,32938,"Fort Lauderdale, FL",WR
6913,0,0,0,Donavon ,Kemp,Calgary Stampeders,6.01,200,32506,"Dallas, Texas",OG
6915,2,12,3,Tyler,Thomas,Calgary Stampeders,5.09,205,33144,"Jackson, MI",K
6923,0,0,0,Levy,Adcock,Saskatchewan Roughriders,6.06,320,32459,"Claremore, OK",WR
6925,0,0,0,Curtis,McNeal,NULL,5.07,190,32845,Los Angeles,OG
6927,0,0,0,Thaddeus,Gibson,Winnipeg Blue Bombers,6.02,237,32071,"Euclid, OH",QB
6929,0,0,0,Donald,Washington,Hamilton Tigercats,6,198,31621,"Indianapolis, IN",QB
6935,0,0,0,Jeremy,Williams,Edmonton Eskimos,6,204,33459,"Raymond, MS",DB
6937,3,18,1,Sederrik,Cunningham,Calgary Stampeders,5.11,199,32703,"Zephyrhills, FL",OG
6945,0,0,0,Damien,Jackson,NULL,6.02,215,32900,"Pineville, LA",RB
6947,1,6,0,Don,Unamba,NULL,6.01,212,32562,"Arlington, Texas",WR
6961,0,0,0,Aaron ,Milton,Edmonton Eskimos,6.03,215,33750,"Whitby, ON",OLB
6963,0,0,1,Devon,Bailey,Edmonton Eskimos,6.05,202,33507,"Mississauga, ON",RB
6965,0,12,0,Tyler,Crapigna,Calgary Stampeders,5.07,166,33820,0,DT
6969,0,0,0,Kris,Bastien,Winnipeg Blue Bombers,6.03,210,33033,"St-Lambert, QC",C
6975,0,0,0,Travis,Bent,NULL,6,240,33385,"Ajax, ON",OG
6981,0,0,0,Guillaume,Bourassa,Calgary Stampeders,5.11,200,33055,"La Tuque, QC",OG
6983,1,6,1,Alex,Pierzchalski,Ottawa Redblacks,6.05,220,33457,"London, ON",OG
6985,0,0,0,Eric,Black,Toronto Argonauts,6.01,180,33361,"Toronto, ON",DL
6989,0,0,0,Derek,Jones,Winnipeg Blue Bombers,6.01,192,33746,"Edmonton, AB",QB
6995,1,6,0,Scott,Macdonell,Ottawa Redblacks,6.05,220,33346,"Montreal, QC",OL
6997,0,0,0,Dylan,Ainsworth,Saskatchewan Roughriders,6.03,242,33927,"Delta, BC",DB
7003,0,0,0,Antoine,Pruneau,Ottawa Redblacks,6,200,32801,"Montreal, QC",DB
7007,0,0,0,David,Menard,BC Lions,6.01,265,33069,"Chicoutimi, QC",DB
7009,0,0,0,Martin,Pesek,NULL,6.03,250,32927,"Toronto, ON",RB
7011,1,6,0,Adam,Thibault,Calgary Stampeders,6,202,32958,"Quebec City, QC",QB
7013,0,0,0,Quinn,Smith,Calgary Stampeders,6.02,300,33500,"Scarborough, ON",RB
7015,0,0,0,Derek,Wiggan,Calgary Stampeders,6.01,250,33812,"Toronto, ON",DB
7017,0,0,0,Raye,Hartmann,Edmonton Eskimos,6.02,188,32921,"Prince George, BC",OG
7021,0,0,0,Nigel,Romick,Ottawa Redblacks,6.05,248,33350,"Thunder Bay, ON",OG
7025,0,2,0,Anthony ,Coombs,Toronto Argonauts,5.09,199,33903,"Winnipeg, MB",DB
7029,0,0,0,Pascal,Lochard,BC Lions,6,215,33133,"Montreal, QC",WR
7033,0,0,0,Alexandre,Dupuis,Toronto Argonauts,6.03,243,32955,"Montreal, QC",WR
7035,0,0,0,Jesse,Briggs,Winnipeg Blue Bombers,6.01,210,32977,"Kelowna, BC",OG
7039,0,0,0,Matthias,Goossen,Winnipeg Blue Bombers,6.04,304,33891,"Richmond, BC",OG
7041,0,0,0,Beau,Landry,Hamilton Tigercats,5.11,201,33505,"Kitchener, ON",DB
7043,0,0,0,Casey,Chin,BC Lions,5.1,215,33843,"Port Moody, BC",WR
7045,0,0,0,Thomas,Miles,Toronto Argonauts,6.01,232,33816,"Winnipeg, MB",DT
7053,0,0,0,Jeremy,Lewis,Hamilton Tigercats,6.03,312,32905,"West Palm Beach, FL",OG
7055,0,0,0,Brandon,McDonald,Calgary Stampeders,5.1,185,31285,"Collins, MS",OL
7057,0,0,0,Tony,Burnett,Winnipeg Blue Bombers,6.01,205,33053,"Watts, CA",OG
7061,0,0,0,Jemarlous,Moten,Calgary Stampeders,5.11,175,32945,"Leland, MS",DB
7063,0,0,0,T-Dre,Player,BC Lions,6.06,275,33638,"Winnipeg, MB",QB
7065,0,0,0,Casey,Pachall,Calgary Stampeders,6.05,230,33191,"Brownwood, TX",WR
7067,0,0,0,Willie,Moseley,NULL,6.05,250,32968,"Richmond, VA",WR
7071,0,0,0,Andre,Martin,Calgary Stampeders,5.11,195,32865,St. Louis MO,WR
7073,0,0,0,Nicholas,Williams,Calgary Stampeders,6.02,217,32618,"Bainbridge, GA",OL
7075,0,0,0,Thomas,Griffiths,Winnipeg Blue Bombers,6.03,298,33384,"Richmond Hill, ON",DT
7077,0,0,0,JD,Falslev,Calgary Stampeders,5.08,175,33337,"Smithfield, UT",WR
7081,0,0,0,John,Mark,NULL,6,185,33756,"Peterborough, ON",OL
7087,0,0,0,Robin,Medeiros,Calgary Stampeders,6,195,32074,"Hamilton, Ontario",DT
7099,0,0,0,Matt,Webster,Saskatchewan Roughriders,5.11,195,33719,"Calgary, AB",WR
7103,0,0,0,Christopher ,Johnson,Calgary Stampeders,5.11,220,33346,"Toronto, ON",DT
7107,0,0,0,Quinn,Everett,NULL,6.03,292,33949,"Glen Haven, NS",DB
7113,0,0,0,Stephen,Mawa,Hamilton Tigercats,6.04,275,32995," Port Coquitlam, BC",WR
7117,0,0,0,Vincent ,Desloges,Ottawa Redblacks,42156,235,33142,"St-Augustin, Québec",WR
7121,0,0,0,Greg,Romeus,Calgary Stampeders,6.05,267,32262,"Coral Springs, FL",OG
7123,0,0,0,Alex,Hoffman-Ellis,BC Lions,6,230,32734,"Los Angeles, CA",OL
7127,0,0,0,Marshay ,Green,Saskatchewan Roughriders,5.1,183,31426,"Bastrop, LA",DB
7129,0,0,0,Louis,Nzegwu ,NULL,6.04,260,32643,"Platteville, WI",DB
7133,0,0,0,Alex,Bazzie,BC Lions,6.01,228,33090,"Silver Spring, MD",DT
7135,0,0,0,Rob,Lohr,Calgary Stampeders,6.04,290,32933,"Phoenixville, PA",RB
7137,0,0,0,Chris,Olson,Calgary Stampeders,6.04,240,33280,"Flower Mound, TX",WR
7141,0,0,0,Errol,Brooks,NULL,5.08,175,32642,"Toronto, ON",OLB
7143,0,0,0,Collin,Klein,NULL,6.05,226,32770,"Loveland, CO",OG
7147,0,0,0,Chris,Smith,Montreal Alouettes,5.1,195,31951,"Bradenton, FL",DL
7149,0,0,0,Padric,Scott,Calgary Stampeders,6,309,32881,"Tallahassee, FL",OG
7151,1,6,0,Bryan,Burnham,BC Lions,6.02,195,32966,"Moorestown, NJ",OL
7155,0,0,0,Jabin,Sambrano,Calgary Stampeders,5.11,175,32945,"Oceanside, CA",DB
7157,0,0,0,Taulib,Ikharo,Calgary Stampeders,5.1,190,32716,"Berkeley, California",OLB
7163,4,24,1,Bryant,Moniz,Calgary Stampeders,6,200,32509,"Wahiawa, HI",QB
7169,0,0,0,Torri,Williams,Calgary Stampeders,6.02,208,31653,"Dallas, TX",DB
7171,1,6,1,T.J.,Lee,BC Lions,5.09,190,32952,"Seattle, WA",QB
7173,1,6,0,Josh,Johnson,BC Lions,5.1,200,32761,"Dade City, FL",WR
7175,0,0,0,Maalik,Bomar,Calgary Stampeders,6.01,226,33086,"Cincinnati, OH",QB
7181,0,0,0,Michael,Coe,NULL,6.01,190,30667,"Memphis, TN",DT
7185,0,0,0,Korey,Lindsey,NULL,5.08,194,32542,"Baton Rouge, LA",WR
7187,1,6,0,Quincy,McDuffie,Hamilton Tigercats,5.1,178,33140,"Orlando, FL",DB
7189,0,0,0,Albert,Presley,NULL,6.02,231,33787,"Marietta, GA",DB
7191,0,0,0,Delano,Johnson,Toronto Argonauts,6.05,283,32155,"Baltimore, MD",WR
7193,0,0,0,Andre,Snipes-Booker,Calgary Stampeders,5.09,172,33423,"Sarasota, FL",DB
7195,1,6,2,Travis ,Partridge,Calgary Stampeders,6.04,230,33138,"St. Joseph, MO",QB
7199,0,0,0,Damian,Ford,Calgary Stampeders,6.03,192,32103,"Birmingham, AL",DL
7201,0,0,0,Robert,Holland,Calgary Stampeders,6.02,180,33511,"Newport News, VA",NA
7203,0,0,0,Aldarius,Johnson,Calgary Stampeders,6.03,213,32771,"Miami, FL",RB
7205,0,0,0,DeQuin,Evans,Calgary Stampeders,6.03,264,31914,"Long Beach, CA",OG
7207,0,0,0,Damon,McDaniel,Calgary Stampeders,6,208,32154,"Virginia Beach, VA",WR
7211,0,0,0,Craig,Wilkins,Calgary Stampeders,6.01,252,32840,"Washington, DC",WR
7213,1,6,0,Antwaun,Molden,NULL,6.01,198,31070,"Warren, OH",OLB
7219,0,0,0,John ,Hardy-Tuliau,Calgary Stampeders,6,185,33873,"Whittier, CA",WR
7223,0,0,0,Markus,White,Saskatchewan Roughriders,6.04,264,32106,"West Palm Beach, FL",WR
7229,0,0,0,Daivon,Dumas,NULL,6.01,178,32733,"Laguna Niguel, CA",OLB
7241,0,5,0,Zackary,Medeiros,NULL,5.11,205,33168,"St. Thomas, ON",K
7243,0,0,0,Bryan,Hall,Hamilton Tigercats,6.01,295,32398,"Carbondale, IL",OLB
7249,3,18,0,Dexter,McCoil,Edmonton Eskimos,6.04,222,33486,"Metairie, LA",OLB
7251,0,0,0,Corey,Robinson,NULL,6.01,205,32941,"Paducah, KY",DB
7253,0,0,0,Robert,Sands,NULL,6.04,212,32815,"Carol City, FL",DT
7255,0,0,0,Trevis,Turner,NULL,6.07,333,31899,"DeSoto, TX",DB
7257,0,0,0,Anthony,Watkins,NULL,6.01,217,32399,"Burien, WA",OG
7265,0,0,0,Derek,Walker,Saskatchewan Roughriders,6.04,271,31671,"Chester, PA",DB
7267,0,0,1,Danny,O'Brien,Ottawa Redblacks,6.03,220,33142,"Minneapolis, Minnesota",OG
7277,0,0,0,Jeff,Richards,Calgary Stampeders,6.02,200,33241,"Del City, OK",K
7279,0,0,0,Jeffrey,Finley,Montreal Alouettes,6.3,260,33561,"St. Catharines, ON",DB
7281,0,0,0,Andrew,Lue,Montreal Alouettes,6.02,210,33680,"Markham, ON",OG
7283,0,0,0,James,Tuck,Montreal Alouettes,6,230,33036,"Aurora, ON",WR
7289,1,6,0,Jean-Christophe,Beaulieu,Montreal Alouettes,6.03,220,32999,"Trois-Rivières, QC",RB
7291,0,0,0,MacKenzie,Sarro,NULL,6.4,245,33424,"Calgary, AB",WR
7293,0,0,0,Robert,Godhigh,NULL,5.07,190,33426,"Acworth, GA",OG
7295,0,0,0,Dominique,Ellis,Montreal Alouettes,5.11,195,32745,"Union, GA",K
7297,0,0,0,Preston,Cleckley,NULL,5.08,170,33050,"Delray Beach, FL",WR
7299,0,0,0,Martel ,Moore,NULL,6,183,33179,"San Antonio, TX",DB
7301,0,0,0,Brandon,Driver,NULL,6,185,32029,"Baltimore, MD",WR
7307,0,0,0,Gabriel,Knapton,Montreal Alouettes,6.03,263,32638,"Mead, CO",DB
7315,0,0,0,Brian,Brikowski,NULL,6.04,265,32550,"Freehold Township, NJ",K
7333,1,6,0,Jamill,Smith,NULL,5.06,155,33292,"Muncie, IN",WR
7335,0,0,0,Marlon,Smith,Ottawa Redblacks,6.06,240,32760,"San Antonio, Texas",DB
7339,0,0,0,Dexter,Davis,NULL,6.01,244,31726,"Greensboro, NC",OL
7353,10,62,7,Anthony ,Allen,Saskatchewan Roughriders,6.01,220,32361,"Tampa, FL",RB
7357,0,0,0,Keola,Antolin,BC Lions,5.07,196,32887,"Honolulu, HI",DB
7371,0,0,0,Mike,Dubuisson,Edmonton Eskimos,6.03,220,33511,"Montreal, QC",OL
7381,0,0,0,LeQuan,Lewis,Calgary Stampeders,5.11,190,32556,"Los Angeles, CA",WR
7385,0,0,0,Dan,DePalma,Calgary Stampeders,5.11,192,31249,0,OL
7395,0,0,0,Tristan,Okpalaugo,Toronto Argonauts,6.05,258,32791,"Livermore, CA",OLB
7399,8,48,3,Kendial,Lawrence,Edmonton Eskimos,5.09,195,33341,"Rockwall, TX",DB
7401,0,0,0,Colin,Kelly,Ottawa Redblacks,6.05,298,32871,"Kelso, Washington",OG
7403,0,0,0,Troy,Stoudermire   ,Winnipeg Blue Bombers,5.1,189,32964,"Dallas, TX",WR
7425,0,0,0,Jake,Olson,Hamilton Tigercats,6.08,315,32558,"Hartford, WI.",QB
7431,0,0,0,Kyler,Elsworth,Montreal Alouettes,6.01,225,33478,"Goodrich, MI",DB
7435,3,18,0,Brett,Smith,Saskatchewan Roughriders,6.03,206,33763,"Salem, OR",DL
7451,0,0,0,James,Rodgers,Montreal Alouettes,5.07,185,32497,"Richmond, TX",RB
7463,0,0,0,Tory,Harrison,Calgary Stampeders,6.01,196,32124,"Leesburg, FL",WR
7473,0,0,0,LaVon,Brazill,Calgary Stampeders,5.11,191,32582,"Lake Worth, FL",WR
7477,0,0,0,Isaiah,Williams,NULL,6.03,200,31807,"Montclair, NJ",DB
7481,0,0,0,Logan,Kilgore,Toronto Argonauts,6.02,208,33017,"Sacramento, CA",RB
7485,0,0,0,Frank,Beltre,Calgary Stampeders,6.02,240,32901,"Azua, DR",DB
7491,0,0,0,Julian,Posey,Winnipeg Blue Bombers,5.11,187,32341,"San Francisco, CA.",DL
7497,0,0,0,Brandon,McDonald,Ottawa Redblacks,5.11,185,31285,"Collins, Mississippi",K
7499,0,0,0,David ,Hinds,Ottawa Redblacks,6.02,234,32929,"Miami, FL",WR
7507,0,0,0,Steven,Clarke,BC Lions,5.1,195,33347,"Lauderdale Lakes, FL",OG
7513,0,0,0,Bradley,Randle,NULL,5.07,190,33133,"Anaheim, CA",DB
7523,0,0,0,Adrian,Tracy,Hamilton Tigercats,6.03,248,31995,"Fairfax, VA. ",DB
7533,0,0,0,Euclid,Cummings,Toronto Argonauts,6.03,281,33364,"Atlanta, GA",OG
7543,1,6,0,Chris,Rainey,NULL,5.08,190,32204,"Lakeland, FL",DB
7551,0,0,0,Dan ,Buckner,Calgary Stampeders,6.04,215,33024,"Allen, Texas",OG
7555,0,0,0,Justin,Cudworth,Ottawa Redblacks,5.11,227,33243,"Monte Nido, California",OLB
7573,1,6,0,John,Ojo,Edmonton Eskimos,6.03,205,32934,"Tallahassee, Florida",OLB
7583,0,0,0,Corvey,Irvin,Montreal Alouettes,6.02,295,31170,"Augusta, GA",RB
7595,0,0,0,Dan,Molls,Hamilton Tigercats,6,238,33281,"North Royalton, OH ",WR
7599,0,0,0,Kashif,Moore,Toronto Argonauts,5.09,183,32468,"Burlington, NJ",OG
7617,0,0,0,Richie,Leone,BC Lions,6.03,215,33673,"Roswell, GA",OG
7623,3,22,0,Cameron,Marshall,Winnipeg Blue Bombers,5.11,211,33525,"San Jose, CA",DB
7625,0,0,0,Deantre,Harlan,Winnipeg Blue Bombers,6.04,288,33227,"Everman, TX",RB
7627,0,0,1,Steven,Miller,Saskatchewan Roughriders,5.07,172,33320,"Plainfield, NJ",DB
7631,0,0,0,Torrance,Hunt,NULL,5.07,182,33266,"Durham, North Carolina",OG
7639,0,0,0,Diontae,Spencer,Toronto Argonauts,5.08,163,33682,"New Iberia, LA",K
7641,0,0,0,Devin,Smith,Toronto Argonauts,5.1,193,33093,"Coppell, TX",QB
7643,0,0,0,Travis,Hawkins,Toronto Argonauts,5.09,191,33287,"Rockville, MD",OL
7645,0,0,0,Kevin,Malcolm,Ottawa Redblacks,5.11,230,33434,"Hamilton, Ontario",DB
7647,2,12,0,Jordan,Lynch,Edmonton Eskimos,6,216,33149,"Chicago, IL",OG
7655,2,12,0,Jeff,Mathews,Hamilton Tigercats,6.04,224,33475,"Camarillo, CA",QB
7657,0,0,0,Cory,Henry,NULL,6.03,238,33049,"Opa Locka, Florida",QB
7663,2,14,0,Austin ,Collie,BC Lions,6,204,31362,"Hamilton, ON",WR
7665,0,0,0,Lanear,Sampson,Calgary Stampeders,5.11,205,33071,"Dallas, Texas",DB
7673,0,0,0,Demetrius,Wright,NULL,6.01,199,33591,"Corona, California",WR
7675,0,0,0,Toney,Clemons,NULL,6.02,210,32427,"Pittsburgh, Pennsylvania",DB
7679,0,0,0,Tracy,Robertson,Toronto Argonauts,6.04,317,32777,"Houston, Texas",OG
7683,1,6,0,Johnny ,Adams,Winnipeg Blue Bombers,5.11,190,32668,"Akron, Ohio",DB
7689,0,0,0,Fred,Gaines,NULL,5.11,202,33299,"Fresno, California",WR
7695,0,0,0,Denton,Kolodzinski,NULL,6.01,220,33727,"Regina, SK",WR
7697,0,0,0,Eric,Page,NULL,5.1,180,33504,"Toledo, OH",WR
7699,0,0,0,Brock,Jensen,Ottawa Redblacks,6.03,225,33135,"Waupaca, Wisconsin",WR
7707,0,37,1,Boris,Bede,Montreal Alouettes,6.04,225,32832,"Toulon, France",OLB
7709,0,0,0,Greg ,McGhee,BC Lions,6.03,208,33930,"Pittsburgh, PA",OG
7715,0,0,0,Rodney,Lamar,NULL,6.01,225,33309,"Pompano Beach, Florida",OG
7717,0,0,0,Khalil,Bass,Winnipeg Blue Bombers,6.02,221,33026,"Encino, California",WR
7721,0,0,0,Dominique,Davis,Winnipeg Blue Bombers,6.03,210,32706,"Lakeland, FL",DB
7723,1,6,0,Cody ,Hoffman,Montreal Alouettes,6.04,210,33310,"Crescent City, CA",K
7727,0,0,0,Eric,Harper,NULL,6.03,238,32079,"Marrero, Louisiana",DB
7731,0,0,0,Zach,Minter,BC Lions,6.01,307,33183,"Glendale, AZ",WR
7739,0,0,0,Akeem,Shavers,Calgary Stampeders,5.11,203,32881,"Texarkana, Texas",WR
7749,0,0,0,Greg,Hardin,NULL,5.11,175,33120,"Bellevue, OR",RB
7751,0,0,0,Naaman,Roosevelt,Saskatchewan Roughriders,6.01,195,32135,"Bellevue, OR",K
7753,1,6,0,Vidal,Hazelton,Toronto Argonauts,6.03,212,32171,"New York, New York",WR
7773,0,0,0,Brendan,Bigelow,Calgary Stampeders,5.1,180,33797,"Fresno, CA ",DL
7781,0,0,0,Jacob,Lacey,Calgary Stampeders,5.11,176,31925,"Columbus, Ohio",K
7787,0,0,0,Chase,Baker,Calgary Stampeders,6.02,300,32284,"Rocklin, California",DB
7789,0,0,0,Cameron,Morrah,BC Lions,6.03,250,31854,"Pomona, CA",WR
7791,0,0,0,Tiquan,Underwood,Hamilton Tigercats,6.02,185,31825,"New Brunswick, NJ",DT
7793,1,6,1,Terrence,Toliver,Hamilton Tigercats,6.05,203,32270,"Hempstead, TX",OG
7799,3,20,0,Kevin,Elliott,Toronto Argonauts,6.03,213,32498,"Fayetteville, NC",RB
7803,0,0,0,Da'Rel,Scott,Winnipeg Blue Bombers,5.11,211,32289,"Conshohocken, PA",OG
7805,0,0,0,Derrell,Johnson,Winnipeg Blue Bombers,6.02,255,32959,"Baltimore, Maryland",OG
7807,0,0,0,Jordan,Reaves,NULL,6.05,220,32898,"Winnipeg, Manitoba",DT
7809,0,0,0,Jonathon,Jennings,BC Lions,6,195,33806,"Columbus, OH",OG
7811,0,0,0,Nate ,Collins,Winnipeg Blue Bombers,6.02,294,32125,"White Plains, NY",DB
7815,2,12,0,A.C.,Leonard,BC Lions,6.02,252,33618,"Palatka, FL",DL
7831,0,0,0,Jhomo,Gordon,Winnipeg Blue Bombers,6.01,195,34283,"Palm Bay, Florida",DT
7835,0,0,0,Carlos,Anderson,NULL,5.08,180,33078,"Blue Springs, MO",WR
7841,0,0,0,Ja-Mes,Logan,NULL,6.03,190,32782,"Houston, Texas",WR
7843,0,0,0,Anthony,Santella,NULL,6.02,190,32208,"Wauconda, Illinois",DB
7851,0,0,0,Larry,King,NULL,6.01,210,42260,"South Bend, IN.",WR
7853,0,0,0,Deon,Anthony,NULL,5.11,214,33150,"New Iberia, La",WR
7861,0,0,0,James,Franklin,Edmonton Eskimos,6.02,225,33442,"Oklahoma City, OK",RB
7865,0,0,0,Etauj,Allen,NULL,5.09,185,33127,"San Antonio, TX",WR
7867,0,0,3,Shakir,Bell,Edmonton Eskimos,5.08,185,33704,"Indianapolis, IN",DT
7869,0,0,0,Bryant,Mitchell,NULL,6.02,182,33832,"San Diego, CA",DB
7871,0,0,0,Derel,Walker,Edmonton Eskimos,6.02,185,33418,"Hillsboro, TX",DB
7875,0,0,0,Alex,Carroll,Saskatchewan Roughriders,5.11,195,33681,Victoria BC,DB
7881,0,0,0,Craig,Roh,BC Lions,6.05,265,33263,"Scottsdale, AZ",DB
7883,0,0,0,Alex,King,Calgary Stampeders,6.04,240,32763,"Rancho Cordova, CA",DB
7885,0,0,0,Michael,Brooks,BC Lions,6.03,275,33478,"Durham, NC",DB
7887,0,0,0,Forrest,Hightower,Ottawa Redblacks,5.1,186,33678,"Concord, California",DB
7889,0,0,0,Tommie,Draheim,BC Lions,6.04,300,32500,"Kennewick, WA",DB
7895,0,0,0,Darwin,Cook,NULL,5.1,202,33436,0,DB
7899,0,0,0,Junior,Mertile,Saskatchewan Roughriders,5.11,193,32807,"Opelika, AL",OG
7901,0,0,0,Marrio,Norman,NULL,6,200,31634,"Greenwood, SC",DB
7903,0,0,0,Jamaal,Westerman,Winnipeg Blue Bombers,6.03,249,31099,"Brooklyn, New York",DB
7907,0,0,0,Telvion,Clark,Saskatchewan Roughriders,6.01,235,33141,"Greensboro, NC",DB
7909,0,0,0,Jeff,Knox Jr.,Saskatchewan Roughriders,6.02,225,33656,"Pittsburgh, PA",DT
7921,0,0,0,Ese,Mrabure-Ajufo,BC Lions,6.02,250,33943,"Mississauga, ON",DL
7923,0,0,0,Adrian,Clarke,BC Lions,6.03,235,33428,"Mississauga, ON",NA
7925,0,0,1,Shaquille,Murray-Lawrence,BC Lions,5.08,193,34272,"Scarborough, ON",OL
7931,0,0,0,Maxx,Forde,BC Lions,6.05,272,33923,"New Orleans, LA",DT
7933,0,0,0,Sukh,Chungh,Winnipeg Blue Bombers,6.04,300,33667,"Port Coquitlam, BC",OLB
7937,0,0,0,Lyle,McCombs,NULL,5.08,175,33706,"Staten Island, New York",DT
7941,0,0,0,Martez,Wilson,Toronto Argonauts,6.04,242,32407,"Chicago, Illinois",OG
7943,0,0,0,Jeremiah,Johnson,Calgary Stampeders,5.11,195,33841,"Forestville, MD",OG
7945,0,0,0,Sammy,Brown,NULL,6.02,240,32980,"Hattiesburg, MS",OG
7947,0,0,0,Andrew,Muzljakovich,NULL,5.11,212,33804,"Vicksburg, Michigan",OG
7949,0,0,0,Brian,Rolle,Toronto Argonauts,5.1,241,32467,"Columbus, Ohio",OG
7951,0,0,0,Derrick,Morgan,Calgary Stampeders,5.11,210,32937,"Germantown, MD",OG
7953,0,0,0,Cody,Acker,Calgary Stampeders,6.01,220,34143,"Landover , MD",OG
7955,0,0,0,Cory,Mitchell,Calgary Stampeders,6.02,195,32123,"Houston, TX",WR
7957,0,0,0,Derrick,Joseph,Calgary Stampeders,5.08,145,33605,"Washington, DC",WR
7959,0,0,0,Matt ,Acree,Ottawa Redblacks,6.03,295,33654,"Shawnee, Kansas",WR
7961,0,0,0,John,Stevenson,Calgary Stampeders,5.11,197,32760,"Stone Mountain, Georgia",WR
7963,0,0,0,Jacques,Washington,Ottawa Redblacks,6.01,220,33266,"Owasso, Oklahoma",DB
7967,0,0,0,Devin,Wilson,Saskatchewan Roughriders,6.02,205,33159,"Nashville, TN",WR
7969,0,0,0,Eric,Thomas,NULL,6.01,225,33553,"Shreveport, LA",WR
7971,0,0,0,Jestin,Love,NULL,6,207,33342,"West Memphis, AK",WR
7973,0,0,0,Keith,Reynolds,NULL,6,206,33333,"Memphis, TN",RB
7975,0,0,0,Denicos,Allen,NULL,5.11,220,33094,"Hamilton, OH",WR
7977,0,0,0,Alex,Tillman,BC Lions,5.1,190,33387,"Houston, TX",C
7985,0,0,0,Rickey,Galvin,Calgary Stampeders,5.08,175,33600,"Oakland, CA",OL
7987,0,0,0,Tim ,Jackson,Calgary Stampeders,6.04,290,33535,"St. Petersburg, FL",OG
7989,0,0,0,Andre,Monroe,Calgary Stampeders,5.11,285,33658,"Washington, DC",C
7991,0,0,0,Brendan,Morgan,Winnipeg Blue Bombers,6,192,34240,"Pickering, ON",OL
7995,0,0,0,Jamarkus,McFarland,BC Lions,6.02,305,33203,"Lufkin, TX",OL
8001,0,0,0,Kenny,Shaw,Toronto Argonauts,6,171,33618,"Orlando, Florida",OL
8003,0,0,0,Akwasi,Owusu-Ansah,Toronto Argonauts,6.01,209,32346,"Gainsville, Florida",OL
8005,0,0,0,Chris,Normand,Winnipeg Blue Bombers,6.02,239,33528,"Bromont, QC",WR
8007,0,0,0,Ettore ,Lattanzio,Ottawa Redblacks,6,252,33234,"Ottawa, ON",RB
8009,0,0,0,Justin ,Veltung,Winnipeg Blue Bombers,5.11,178,33487,"Puyallup, WA",RB
8011,0,0,0,Curtis,Taylor,NULL,6.02,210,31241,"Bogalusa, LA",RB
8023,0,0,0,Kevin,Bradfield,Toronto Argonauts,6.01,190,34047,"Toronto, ON",WR
8037,0,0,0,Jake,Harty,Ottawa Redblacks,6.02,210,33240,"Calgary, AB",RB
8041,0,0,0,Jefferson,Court,NULL,6.03,238,33001,"Sandy, Utah",OG
8045,0,0,0,Greg,Wilson,Calgary Stampeders,6.02,205,33130,"Danville, CA",OG
8051,0,0,0,Royce,Adams,Calgary Stampeders,6,190,32266,"Cleveland, OH",DL
8053,0,0,0,Tevaughn,Campbell,Calgary Stampeders,6,185,34134,"Toronto, ON",DB
8057,0,0,0,Andrew,Buckley,Calgary Stampeders,6,201,34201,"Calgary, AB",OG
8059,0,0,0,Dexter,Janke,Calgary Stampeders,6,220,33881,"Edmonton, AB",DT
8061,0,0,0,Kienan,Lafrance,Ottawa Redblacks,5.1,210,33374,"Winnipeg, MB",QB
8071,0,0,0,Nic,Demski,Saskatchewan Roughriders,6,215,34103,"Winnipeg, MB",K
8077,1,6,0,A.J.,Jefferson,Toronto Argonauts,6,190,32237,"Bakersfield, CA",WR
8079,0,0,1,Henry,Josey,Toronto Argonauts,5.09,186,33506,"Angleton, Texas",WR
8083,0,0,0,Anthony,Fera,BC Lions,6.02,207,33407,"Philadelphia, PA",WR
8085,0,0,0,Martin,Wright,Calgary Stampeders,6.03,246,32436,"Miami, FL",RB
8091,0,0,0,Adam ,Konar,Edmonton Eskimos,6.02,225,34252,"Vancouver, BC",WR
8093,0,0,0,Rory,Connop,Saskatchewan Roughriders,6.05,282,33234,"Edmonton, AB",WR
8097,0,0,0,Blair ,Smith,Edmonton Eskimos,6.02,230,33141,"Mississauga, ON",WR
8099,0,0,0,Matthew,Rea,Saskatchewan Roughriders,6.01,242,33567,"London, ON",WR
8103,0,0,0,Kwame,Adjei,NULL,6.01,205,34195,"Brampton, ON",OLB
8105,0,0,0,Denarius,Appling,NULL,5.07,155,33573,"Griffin, GA",OG
8109,0,0,0,Dawud,Lane,NULL,6.02,226,32588,"Montvale, NJ",WR
8113,0,0,0,Melvin,Abankwah,NULL,5.09,190,33291,"Etobicoke, ON",DL
8115,0,0,1,Skye,Dawson,Edmonton Eskimos,5.09,180,33209,"Mesquite, TX",OLB
8117,0,0,0,Brandon,Tennant,Saskatchewan Roughriders,6.02,305,33421,"Lachine, QC",QB
8121,0,0,0,Tim,Agbaje,Saskatchewan Roughriders,6.04,290,33009,"Edmonton, AB",DB
8125,0,0,0,Nehemie,Kankolongo,Saskatchewan Roughriders,5.11,205,33698,"Coqutlam, BC",WR
8127,0,0,0,Addison,Richards,Winnipeg Blue Bombers,6.04,212,34240,"Regina, SK",DB
8129,0,0,0,Garrett,Waggoner,Winnipeg Blue Bombers,6,220,33141,"Sarasota, FL",OLB
8131,0,0,0,Dominique ,Franks,NULL,6,200,32058,"Tulsa, OK",DT
8135,0,0,0,Shaquille ,Richardson,NULL,6.01,190,33684,"Carson, California",DB
8139,0,0,0,Jesse,Joseph,Montreal Alouettes,6.03,262,32388,"Laval, QC",RB
8141,0,0,0,Nicholas ,Shortill,Montreal Alouettes,6.02,223,33924,"Nobleton, ON",QB
8143,0,0,0,Brandon ,Bridge,Montreal Alouettes,6.05,235,33684,"Mississauga, ON",QB
8145,0,0,0,Mikhaïl ,Davidson,Montreal Alouettes,5.08,175,33500,Montréal,RB
8147,0,0,0,Anthony,Coady,Montreal Alouettes,5.1,190,33376,"Montréal, QC",OL
8151,0,0,0,Alex ,Charette,Montreal Alouettes,6.01,200,33612,"Saint-Catherines, ON",OL
8155,0,0,0,Daryl,Waud,Toronto Argonauts,6.05,290,34205,"Hamilton, ON",DB
8163,0,0,0,Garry,Williams,Calgary Stampeders,6.03,315,31644,"Atlanta, GA",OG
8165,0,0,0,Lemar,Durant,Calgary Stampeders,6.02,231,33836,"Vancouver, BC",QB
8167,0,0,0,Ciante,Evans,Calgary Stampeders,5.11,190,33891,"Arlington, TX",WR
8169,0,0,0,Jake,Doughty,Saskatchewan Roughriders,6,234,33436,"Salt Lake City, UT",DT
8171,0,0,0,Tyree,Hollins,Saskatchewan Roughriders,5.09,190,33141,"Monroe, LA",OLB
8179,0,0,0,Brandon,Sermons,Ottawa Redblacks,5.11,195,33390,"Bellflower, CA",OL
8185,0,0,0,Jean-Samuel,Blanc,Montreal Alouettes,6.01,245,33178,"Montréal, QC",OLB
8205,0,0,0,Mike,Willie,NULL,6.02,220,33041,"Compton, CA",DB
8207,0,0,0,Dontay,Moch,Calgary Stampeders,6.03,236,32343,"Phoenix, Arizona",RB
8209,0,0,0,Chris,Baker ,NULL,6.03,251,33395,"Greenville, MS",RB
8215,0,0,0,Deion,Belue,Edmonton Eskimos,5.11,183,33484,"Tuscombia, AL",OG
8217,0,0,0,Chandler ,Jones ,Montreal Alouettes,5.08,180,33570,"Los Angeles, CA",OL
8221,0,0,0,Johnathan,Bryant,NULL,5.09,177,32669,"Cairo, GA",RB
8223,0,0,0,Kyle,Tyo,Calgary Stampeders,6.05,225,33577,"Pickering, ON",OL
8227,0,1,0,Ray,Early,Saskatchewan Roughriders,5.11,220,33758,"Darlington, SC",OL
8229,0,0,0,William,Langlais,Calgary Stampeders,6.03,235,32986,"Hull, QC",OLB
8231,0,0,0,Patrick,Hall,NULL,6,185,33435,"Oxnard, California",OL
8233,0,0,0,Chris ,Ackie,Montreal Alouettes,6.02,205,33629,"Cambridge, ON",DB
8235,0,0,0,Damien,Thigpen,Calgary Stampeders,5.08,180,33428,"Gainsville, VA",DT
8241,0,0,0,Marte,Sears,NULL,6.05,220,33243,"Fresno, CA",OG
8243,0,0,0,Cody,Thornton,NULL,5.1,165,33956,"Chula Vista, CA",OL
8245,0,0,0,Rakeem,Cato,Montreal Alouettes,6,178,33691,"Miami, FL",OLB
8253,3,18,0,Tori,Gurley,Toronto Argonauts,6.04,230,32103,"Birmingham, Alabama",WR
8259,0,0,0,Darrin,Kitchens,Montreal Alouettes,6.02,229,33910,"Homestead, FL",OG
8303,1,6,0,Ray ,Holley,Hamilton Tigercats,5.09,200,33038,"Orange, California ",OL
8305,0,0,0,Jonathan,Langa,Hamilton Tigercats,5.11,214,42323,"Etobicoke, Ontario ",WR
8315,0,0,0,Byron,Archambault,Hamilton Tigercats,6,245,42265,"Montreal, Quebec",RB
8329,0,0,0,Jasper,Collins,Hamilton Tigercats,5.1,185,42336,"Geneva, NY ",OL
